Post ID,Message,Created Time,Attachments,Likes Count,Reactions,Shares Count,Comments Count,Views Count,Number of Fans
100391969617030_186492107672983,"Notre Basboussa revisitée façon chocolat est moelleuse et gôutue 😋 avec une texture légère qui la distingue de la Basboussa traditionnelle 😍

Chez Janati's Pâtisserie Artisanale, nous préparons notre Basboussa avec des ingrédients de qualité supérieure, selon des recettes familiales transmises de génération en génération. 

Pour les amateurs de chocolats 🍫 venez déguster notre Basboussa chocolat et laissez vous emporter en voyage à travers des saveurs exquises. 

#rabat #Maroc #Patisserie #Harhoura #Basboussa",2023-05-02T21:34:15+0000,"[{'description': ""Notre Basboussa revisitée façon chocolat est moelleuse et gôutue 😋 avec une texture légère qui la distingue de la Basboussa traditionnelle 😍\n\nChez Janati's Pâtisserie Artisanale, nous préparons notre Basboussa avec des ingrédients de qualité supérieure, selon des recettes familiales transmises de génération en génération. \n\nPour les amateurs de chocolats 🍫 venez déguster notre Basboussa chocolat et laissez vous emporter en voyage à travers des saveurs exquises. \n\n#rabat #Maroc #Patisserie #Harhoura #Basboussa"", 'media': {'image': {'height': 720, 'src': 'https://z-p3-scontent.fcmn1-2.fna.fbcdn.net/v/t39.30808-6/344796795_3462280144040688_7248154967674904426_n.jpg?stp=dst-jpg_p720x720&_nc_cat=105&ccb=1-7&_nc_sid=730e14&_nc_eui2=AeGwr7eIoNrMwFkJiYbvzrEMw_zH7cLd92bD_Mftwt33ZiFoHLLWHpuqXAK8szYFXc5a9cV7daYC_9zq2sD1l1LP&_nc_ohc=2L-404q4nt8AX_1xZYt&_nc_oc=AQnHt0B_oSQFZtudmFKU5yg1O7R9pZ3j79CvulrlRFklJJTzRRzuXGkURvbiRdSIZPM&_nc_zt=23&_nc_ht=z-p3-scontent.fcmn1-2.fna&edm=AKK4YLsEAAAA&oh=00_AfBOwKlHag7EhsMrNx-Us1KpznFCl2RdqPCZfNxerQUFRg&oe=64C8E531', 'width': 720}}, 'target': {'id': '186492074339653', 'url': 'https://www.facebook.com/photo.php?fbid=186492074339653&set=a.104595589195969&type=3'}, 'type': 'photo', 'url': 'https://www.facebook.com/photo.php?fbid=186492074339653&set=a.104595589195969&type=3'}]",0,[],0,0,0,124
100391969617030_180402621615265,"جرب غريبة البهلة اللذيذة لدينا في JANATI'S Patisserie Artisanale! 🌟👌

غريبة البهلة الخاصة بنا هي تجربة ذوق حقيقية، وهي تخصص المغرب اللذيذ الذي سيسعد حواسك بالتأكيد. تم إعدادها باستخدام المكونات ذات الجودة العالية وتم إعدادها بعناية وفقًا لوصفات عائلية تم تحويلها من جيل إلى آخر.

لذلك، لا تتردد، تعال وجرب غريبة بهلة لدينا في JANATI'S Pâtisserie Artisanale ودع حاسة التذوق الخاصة بك تأخذك في رحلة عبر النكهات اللذيذة لبلدنا المغرب العزيز. 🇲🇦💛 #Maroc #Harhoura #Rabat #GhriybaBahla #Patisserie",2023-04-26T12:27:17+0000,"[{'description': ""جرب غريبة البهلة اللذيذة لدينا في JANATI'S Patisserie Artisanale! 🌟👌\n\nغريبة البهلة الخاصة بنا هي تجربة ذوق حقيقية، وهي تخصص المغرب اللذيذ الذي سيسعد حواسك بالتأكيد. تم إعدادها باستخدام المكونات ذات الجودة العالية وتم إعدادها بعناية وفقًا لوصفات عائلية تم تحويلها من جيل إلى آخر.\n\nلذلك، لا تتردد، تعال وجرب غريبة بهلة لدينا في JANATI'S Pâtisserie Artisanale ودع حاسة التذوق الخاصة بك تأخذك في رحلة عبر النكهات اللذيذة لبلدنا المغرب العزيز. 🇲🇦💛 #Maroc #Harhoura #Rabat #GhriybaBahla #Patisserie"", 'media': {'image': {'height': 720, 'src': 'https://z-p3-scontent.fcmn1-1.fna.fbcdn.net/v/t39.30808-6/343731722_196078553231107_55327309944271738_n.jpg?stp=dst-jpg_p720x720&_nc_cat=109&ccb=1-7&_nc_sid=730e14&_nc_eui2=AeECRugVigbCYfZjW0G_OXXcZWak-0L3tYRlZqT7Qve1hN4V1le5Yuh4c4kRcO2SuF67qg4hM6SS4gHYc1DkXpj2&_nc_ohc=DjqMuLmHdz4AX-WzvnT&_nc_zt=23&_nc_ht=z-p3-scontent.fcmn1-1.fna&edm=AKK4YLsEAAAA&oh=00_AfCM7BN9bwhogmA03utXXbxqEjLAOZOW2sZ1bgdZb_qYJQ&oe=64C9A656', 'width': 720}}, 'target': {'id': '180402524948608', 'url': 'https://www.facebook.com/photo.php?fbid=180402524948608&set=a.104595589195969&type=3'}, 'type': 'photo', 'url': 'https://www.facebook.com/photo.php?fbid=180402524948608&set=a.104595589195969&type=3'}]",2,[],0,0,0,124
100391969617030_175634895425371,"🍴🍗 أحدث إضافة لقائمة الطعام لدينا “بسطيلة الدجاج” اللذيذة! 🍗🍴

استمتع بالطعم المتبل بإتقان مع صلصة بهارات خفيفة. وجبة لذيذة ومغذية سترضي حواسك! 😍😋

تعال وجربها في جناتيز باتيسري أرتيزانال لتجربة مذهلة ولذيذة. 🇲🇦👌

#Maroc #Harhoura #Rabat #PatillaPoulet #PouletGrillé #CuisineSaine #Patisserie",2023-04-19T21:52:10+0000,"[{'description': '🍴🍗 أحدث إضافة لقائمة الطعام لدينا “بسطيلة الدجاج” اللذيذة! 🍗🍴\n\nاستمتع بالطعم المتبل بإتقان مع صلصة بهارات خفيفة. وجبة لذيذة ومغذية سترضي حواسك! 😍😋\n\nتعال وجربها في جناتيز باتيسري أرتيزانال لتجربة مذهلة ولذيذة. 🇲🇦👌\n\n#Maroc #Harhoura #Rabat #PatillaPoulet #PouletGrillé #CuisineSaine #Patisserie', 'media': {'image': {'height': 720, 'src': 'https://z-p3-scontent.fcmn1-1.fna.fbcdn.net/v/t39.30808-6/341643652_238229845394859_8834803369610149095_n.jpg?stp=dst-jpg_p720x720&_nc_cat=107&ccb=1-7&_nc_sid=730e14&_nc_eui2=AeERh3LRMmSio5N3qVFEAvrBrdlwMgcRF2Kt2XAyBxEXYlJwE2_0g6zi2akiR8-XT57SE44W-GeD7sEP00TuorDU&_nc_ohc=BaTGAKuQTCcAX_J4k19&_nc_zt=23&_nc_ht=z-p3-scontent.fcmn1-1.fna&edm=AKK4YLsEAAAA&oh=00_AfBc3duPKUs_mDhxYsEzQQswlpOWVtQBaCWH2WRWHTEPsw&oe=64C87DA4', 'width': 720}}, 'target': {'id': '175629875425873', 'url': 'https://www.facebook.com/photo.php?fbid=175629875425873&set=a.104595589195969&type=3'}, 'type': 'photo', 'url': 'https://www.facebook.com/photo.php?fbid=175629875425873&set=a.104595589195969&type=3'}]",0,[],0,0,0,124
100391969617030_174876008834593,"تحذير لمحبي الشوكولاتة! كعكة الشوكولاتة JANATI'S 🍫🍰 
- إن كعكة الشوكولاتة لدينا لذيذة للغاية وستجعلك تشعر بالإدمان.

لذلك، ماذا تنتظر؟ امنح نفسك (أو شخصًا تحبه) لحظة من السعادة النقية بالشوكولاتة. 🎉

اطلب الآن ونعدك بتجربة طعام لا تُنسى. 🤤

#cakeauchocolat #chocolat #patisserie #JANATIS #maroc #rabat #harhoura",2023-04-18T21:05:54+0000,"[{'description': ""تحذير لمحبي الشوكولاتة! كعكة الشوكولاتة JANATI'S 🍫🍰 \n- إن كعكة الشوكولاتة لدينا لذيذة للغاية وستجعلك تشعر بالإدمان.\n\nلذلك، ماذا تنتظر؟ امنح نفسك (أو شخصًا تحبه) لحظة من السعادة النقية بالشوكولاتة. 🎉\n\nاطلب الآن ونعدك بتجربة طعام لا تُنسى. 🤤\n\n#cakeauchocolat #chocolat #patisserie #JANATIS #maroc #rabat #harhoura"", 'media': {'image': {'height': 720, 'src': 'https://z-p3-scontent.fcmn1-1.fna.fbcdn.net/v/t39.30808-6/337751623_241016495103171_894544910111050010_n.jpg?stp=dst-jpg_p720x720&_nc_cat=104&ccb=1-7&_nc_sid=730e14&_nc_eui2=AeFRJBaBLhMZRby0IfH2ouWVaKmEns5CKahoqYSezkIpqPLlYcp-bH1MDVFl3OM5zPcKvZF6Va_RDkA5tOnQM3A7&_nc_ohc=pYPuwT98OSgAX_tQchm&_nc_zt=23&_nc_ht=z-p3-scontent.fcmn1-1.fna&edm=AKK4YLsEAAAA&oh=00_AfArQrYMTQ_Kvw8LlvJ4PDY4vEgDmbL67sKTbBimIoZHlg&oe=64C8A8EA', 'width': 720}}, 'target': {'id': '174875872167940', 'url': 'https://www.facebook.com/photo.php?fbid=174875872167940&set=a.104595589195969&type=3'}, 'type': 'photo', 'url': 'https://www.facebook.com/photo.php?fbid=174875872167940&set=a.104595589195969&type=3'}]",1,[],0,0,0,124
100391969617030_173963268925867,"🎉🎊 Faites un excellent choix pour la fête de l'Eid ! 🎉🎊 Notre Konafa est la pâtisserie orientale parfaite pour célébrer cette occasion spéciale. 🌙🌟 Chez Janati's Pâtisserie Artisanale, nous sommes fiers de préparer notre Konafa avec des ingrédients de qualité supérieure, selon des recettes familiales transmises de génération en génération. Notre Konafa est croustillante à l'extérieur et moelleuse à l'intérieur, et sa saveur unique vous transportera directement au Maroc. Venez déguster notre délicieuse Konafa et faire de votre fête de l'Eid un moment inoubliable chez Janati's Pâtisserie Artisanale. 🇲🇦👌🎉🎊 #Maroc #Harhoura #Rabat #Basboussa #Patisserie 😋🧁🍰👌",2023-04-17T14:00:03+0000,"[{'description': ""🎉🎊 Faites un excellent choix pour la fête de l'Eid ! 🎉🎊 Notre Konafa est la pâtisserie orientale parfaite pour célébrer cette occasion spéciale. 🌙🌟 Chez Janati's Pâtisserie Artisanale, nous sommes fiers de préparer notre Konafa avec des ingrédients de qualité supérieure, selon des recettes familiales transmises de génération en génération. Notre Konafa est croustillante à l'extérieur et moelleuse à l'intérieur, et sa saveur unique vous transportera directement au Maroc. Venez déguster notre délicieuse Konafa et faire de votre fête de l'Eid un moment inoubliable chez Janati's Pâtisserie Artisanale. 🇲🇦👌🎉🎊 #Maroc #Harhoura #Rabat #Basboussa #Patisserie 😋🧁🍰👌"", 'media': {'image': {'height': 720, 'src': 'https://z-p3-scontent.fcmn1-3.fna.fbcdn.net/v/t39.30808-6/336740523_561921266073285_2308859515361922352_n.jpg?stp=dst-jpg_p720x720&_nc_cat=101&ccb=1-7&_nc_sid=730e14&_nc_eui2=AeGcvApNgvKKO4jSY8FVvzMdO8VxOqQ8UPQ7xXE6pDxQ9Dt1IrqT1AmCCLD9IBlnG1zOSuW9l7qEukfPHMBrFPhZ&_nc_ohc=knQ3iaG-mr8AX_j2bYO&_nc_zt=23&_nc_ht=z-p3-scontent.fcmn1-3.fna&edm=AKK4YLsEAAAA&oh=00_AfDd7zMXlDpAdZPC8DBD8gQ8z1YEX3l28eT6VQuExDl0FQ&oe=64C8982A', 'width': 720}}, 'target': {'id': '173963245592536', 'url': 'https://www.facebook.com/photo.php?fbid=173963245592536&set=a.104595589195969&type=3'}, 'type': 'photo', 'url': 'https://www.facebook.com/photo.php?fbid=173963245592536&set=a.104595589195969&type=3'}]",1,[],0,0,0,124
100391969617030_173485068973687,"Notre Basboussa 🧁 est moelleuse et sucrée 😋, avec une texture unique qui la distingue des autres pâtisseries. Elle est souvent servie lors de fêtes religieuses ou de célébrations spéciales, mais elle est également un excellent choix pour accompagner une tasse de thé ou de café.

Chez Janati's Pâtisserie Artisanale, nous préparons notre Basboussa avec des ingrédients de qualité supérieure, selon des recettes familiales transmises de génération en génération.

Venez déguster notre Basboussa chez Janati's Pâtisserie Artisanale et laissez-vous emporter en voyage à travers les saveurs exquises de notre cher Maroc. 🇲🇦💛 #Maroc #Harhoura #Rabat #Basboussa #Patisserie 😋🧁🍰👌",2023-04-16T21:24:51+0000,"[{'description': ""Notre Basboussa 🧁 est moelleuse et sucrée 😋, avec une texture unique qui la distingue des autres pâtisseries. Elle est souvent servie lors de fêtes religieuses ou de célébrations spéciales, mais elle est également un excellent choix pour accompagner une tasse de thé ou de café.\n\nChez Janati's Pâtisserie Artisanale, nous préparons notre Basboussa avec des ingrédients de qualité supérieure, selon des recettes familiales transmises de génération en génération.\n\nVenez déguster notre Basboussa chez Janati's Pâtisserie Artisanale et laissez-vous emporter en voyage à travers les saveurs exquises de notre cher Maroc. 🇲🇦💛 #Maroc #Harhoura #Rabat #Basboussa #Patisserie 😋🧁🍰👌"", 'media': {'image': {'height': 720, 'src': 'https://z-p3-scontent.fcmn1-4.fna.fbcdn.net/v/t39.30808-6/336741016_1481365972677790_3920645652252261759_n.jpg?stp=dst-jpg_p720x720&_nc_cat=110&ccb=1-7&_nc_sid=730e14&_nc_eui2=AeHAUh2iNgxyCvjFRtzN39avsCMLfajHNM-wIwt9qMc0zxA8vDg6aIbq0WeaMiEVugAj5M3stDDCw_TnedjPCyK0&_nc_ohc=YT6JSw30Y5oAX9vki3B&_nc_zt=23&_nc_ht=z-p3-scontent.fcmn1-4.fna&edm=AKK4YLsEAAAA&oh=00_AfAFfELVCN08RXr1U-OWtDqaaH_ithzEd2vzEVJICUIBmA&oe=64C7DD87', 'width': 720}}, 'target': {'id': '173484475640413', 'url': 'https://www.facebook.com/photo.php?fbid=173484475640413&set=a.104595589195969&type=3'}, 'type': 'photo', 'url': 'https://www.facebook.com/photo.php?fbid=173484475640413&set=a.104595589195969&type=3'}]",1,[],0,0,0,124
100391969617030_169179452737582,"🌟 🌙 اكتشفوا حلوى كعب الغزال اللذيذة من جاناتيز 🇲🇦💛

أفضل الحلويات الحرفية! يتم إعداد كعب الغزال لدينا باستخدام مكونات عالية الجودة ومحشوة بعجينة لذيذة, مزيج من اللوز و ماء زهر البرتقال. 🤤👌

اطلبوا من جاناتيز للحلويات الحرفية الآن وأضيفوا لمسة حلوة إلى يومكم! 😋

#كعب_الغزال #جاناتيز #مأكولات_مغربية #حلويات #rabat #maroc  🌙",2023-04-12T03:43:30+0000,"[{'description': '🌟 🌙 اكتشفوا حلوى كعب الغزال اللذيذة من جاناتيز 🇲🇦💛\n\nأفضل الحلويات الحرفية! يتم إعداد كعب الغزال لدينا باستخدام مكونات عالية الجودة ومحشوة بعجينة لذيذة, مزيج من اللوز و ماء زهر البرتقال. 🤤👌\n\nاطلبوا من جاناتيز للحلويات الحرفية الآن وأضيفوا لمسة حلوة إلى يومكم! 😋\n\n#كعب_الغزال #جاناتيز #مأكولات_مغربية #حلويات #rabat #maroc  🌙', 'media': {'image': {'height': 720, 'src': 'https://z-p3-scontent.fcmn1-2.fna.fbcdn.net/v/t39.30808-6/340764862_517622310581983_3062675564004648016_n.jpg?stp=dst-jpg_p720x720&_nc_cat=103&ccb=1-7&_nc_sid=730e14&_nc_eui2=AeE88MEHheDFxxXm3iJJ6F5vcZj-Hn_pU_5xmP4ef-lT_lNH2HRkrv0iVRRWvsDts_Ivh0r3HrhojZpnqTje08at&_nc_ohc=_K_bXCR4FlcAX-DnHza&_nc_zt=23&_nc_ht=z-p3-scontent.fcmn1-2.fna&edm=AKK4YLsEAAAA&oh=00_AfDvjoJCpUNJmy6BnB3V_g92DkiIkOxZ0p4mF6h4brWeNw&oe=64C80DCD', 'width': 720}}, 'target': {'id': '169176979404496', 'url': 'https://www.facebook.com/photo.php?fbid=169176979404496&set=a.104595589195969&type=3'}, 'type': 'photo', 'url': 'https://www.facebook.com/photo.php?fbid=169176979404496&set=a.104595589195969&type=3'}]",2,[],0,0,0,124
100391969617030_168358469486347,,2023-04-10T22:14:44+0000,"[{'description': ""JANATI'S - Découvrez Nos Briouates amandes miel ! 🤩 Ces petits délices sucrés sont remplis d'un mélange de pâte d'amande, de miel et d'épices marocaines pour une explosion de saveurs dans chaque bouchée. 😋 😍🍯🥐 #JANATIS #patisserie #briouates #amandes #miel #rabat #harhoura"", 'media': {'image': {'height': 720, 'src': 'https://z-p3-scontent.fcmn1-3.fna.fbcdn.net/v/t39.30808-6/331715548_936493540843720_4487928688611464252_n.jpg?stp=dst-jpg_p720x720&_nc_cat=111&ccb=1-7&_nc_sid=730e14&_nc_eui2=AeF5tivITSvTD3f5h1V9Ej-99O8xkjhzIaH07zGSOHMhobLNsIm2DxB7wQoZ7_aIYC8hjBZmnqryo9Y_sXEkmvwd&_nc_ohc=IjifQK6w4Z0AX8v262_&_nc_zt=23&_nc_ht=z-p3-scontent.fcmn1-3.fna&edm=AKK4YLsEAAAA&oh=00_AfCGtLkNiGvzQQ6V7qrxxrXKQLUnTbhJ2spPvChg3LYHKg&oe=64C83FBF', 'width': 720}}, 'target': {'id': '131053699883491', 'url': 'https://www.facebook.com/photo.php?fbid=131053699883491&set=a.104595589195969&type=3'}, 'type': 'photo', 'url': 'https://www.facebook.com/photo.php?fbid=131053699883491&set=a.104595589195969&type=3'}]",0,[],0,0,0,124
100391969617030_163926456596215,"JANATI'S est désormais ouvert tous les jours, y compris le lundi ! 😍🎉
Venez nous rendre visite dans notre Patisserie Artisanale et découvrez notre large sélection de délicieuses pâtisseries marocaines artisanales. 🧁👌
Vous pouvez maintenant satisfaire votre envie de sucreries à tout moment de la semaine ! Que vous cherchiez des gâteaux, des brioches, des biscuits, ou des pâtisseries traditionnelles marocaines, notre équipe de pâtissiers talentueux vous propose une expérience culinaire unique et authentique.

N'attendez plus pour venir nous rendre visite et goûter nos délicieuses pâtisseries marocaines artisanales. 🇲🇦 #JANATIS #PatisserieArtisanale #Maroc #Rabat #Harhoura",2023-04-04T14:31:05+0000,"[{'media': {'image': {'height': 720, 'src': 'https://z-p3-scontent.fcmn1-1.fna.fbcdn.net/v/t15.5256-10/339412538_744436517315473_1836587706449031691_n.jpg?stp=dst-jpg_s720x720&_nc_cat=107&ccb=1-7&_nc_sid=ad6a45&_nc_eui2=AeFH3EeFSi3hhhJul-US69zlg4krfsD7gZ2DiSt-wPuBndj--Sa5D3G3wBEtiTkWVkQrFdxvwsm0SUrnU-b8cLeL&_nc_ohc=XMEgmmPW204AX9WXjUR&_nc_ht=z-p3-scontent.fcmn1-1.fna&edm=AKK4YLsEAAAA&oh=00_AfBMUpohZMLqha_OIrwbbf5fm8SFJ-Ry21nUd3ksGAY3Hg&oe=64C879B0', 'width': 405}, 'source': 'https://z-p3-video.fcmn1-4.fna.fbcdn.net/v/t39.25447-2/363819285_284300094189179_2727937541167788163_n.mp4?_nc_cat=106&vs=aeb49b467ba851c1&_nc_vs=HBksFQAYJEdCVnhyeFY3cmgtR2tRSUJBSU13d282OWxOc2xibWRqQUFBRhUAAsgBABUAGCRHUHlqTkJRcUptSno0RDBFQUR1ZnNDWnZ0WGNjYnY0R0FBQUYVAgLIAQBLB4gScHJvZ3Jlc3NpdmVfcmVjaXBlATENc3Vic2FtcGxlX2ZwcwAQdm1hZl9lbmFibGVfbnN1YgAgbWVhc3VyZV9vcmlnaW5hbF9yZXNvbHV0aW9uX3NzaW0AKGNvbXB1dGVfc3NpbV9vbmx5X2F0X29yaWdpbmFsX3Jlc29sdXRpb24AHXVzZV9sYW5jem9zX2Zvcl92cW1fdXBzY2FsaW5nABFkaXNhYmxlX3Bvc3RfcHZxcwAVACUAHIwXQAAAAAAAAAAREQAAACa24vvD%2F4RxFQIoAkMzGAt2dHNfcHJldmlldxwXQDMIcrAgxJwYIWRhc2hfZ2VuMmh3YmFzaWNfaHEyX2ZyYWdfMl92aWRlbxIAGBh2aWRlb3MudnRzLmNhbGxiYWNrLnByb2Q4ElZJREVPX1ZJRVdfUkVRVUVTVBsKiBVvZW1fdGFyZ2V0X2VuY29kZV90YWcGb2VwX2hkE29lbV9yZXF1ZXN0X3RpbWVfbXMBMAxvZW1fY2ZnX3J1bGUHdW5tdXRlZBNvZW1fcm9pX3JlYWNoX2NvdW50AzEzMBFvZW1faXNfZXhwZXJpbWVudAAMb2VtX3ZpZGVvX2lkEDE0MDQyMzYxMTM2OTM0NTASb2VtX3ZpZGVvX2Fzc2V0X2lkDzc0NDQzNTczNzMxNTU1MRVvZW1fdmlkZW9fcmVzb3VyY2VfaWQPMjQ4NTc1NDY0Mjc0MDc1HG9lbV9zb3VyY2VfdmlkZW9fZW5jb2RpbmdfaWQPMjQxMzcyNTIyMDk4OTE2DnZ0c19yZXF1ZXN0X2lkACUCHAAlxAEbB4gBcwQ3MTc0AmNkCjIwMjMtMDQtMDQDcmNiAzEwMANhcHAGVmlkw6lvAmN0DkZCX1NIT1JUU19QT1NUE29yaWdpbmFsX2R1cmF0aW9uX3MGMTkuMDg4AnRzFXByb2dyZXNzaXZlX2VuY29kaW5ncwA%3D&ccb=1-7&_nc_sid=a06cc9&efg=eyJ2ZW5jb2RlX3RhZyI6Im9lcF9oZCJ9&_nc_eui2=AeHFL239ON0bLJvNa-HfDV3zBWNmBJY0OhUFY2YEljQ6FbAZ0J2tBMlfEce6ECCzSH0Pf8pTJHpfRxnJc0s4Pv9A&_nc_ohc=D4TAZzQbx8wAX9JFftv&_nc_ht=z-p3-video.fcmn1-4.fna&edm=AKK4YLsEAAAA&oh=00_AfA00QxJmLYI55KAIxa-cGTzaJZkVt7e6dwmY-mh5OxwkA&oe=64C86ED4&_nc_rid=427897033038301'}, 'target': {'id': '1404236113693450', 'url': 'https://www.facebook.com/reel/1404236113693450/'}, 'type': 'video_inline', 'url': 'https://www.facebook.com/reel/1404236113693450/'}]",6,[],0,1,0,124
100391969617030_163925126596348,"JANATI'S est désormais ouvert tous les jours, y compris le lundi ! 😍🎉
Venez nous rendre visite dans notre Patisserie Artisanale et découvrez notre large sélection de délicieuses pâtisseries marocaines artisanales. 🧁👌
Vous pouvez maintenant satisfaire votre envie de sucreries à tout moment de la semaine ! Que vous cherchiez des gâteaux, des brioches, des biscuits, ou des pâtisseries traditionnelles marocaines, notre équipe de pâtissiers talentueux vous propose une expérience culinaire unique et authentique.

N'attendez plus pour venir nous rendre visite et goûter nos délicieuses pâtisseries marocaines artisanales. 🇲🇦 #JANATIS #PatisserieArtisanale #Maroc #Rabat #Harhoura",2023-04-04T14:29:19+0000,"[{'media': {'image': {'height': 720, 'src': 'https://z-p3-scontent.fcmn1-4.fna.fbcdn.net/v/t15.5256-10/339996099_170111482586177_7899440686949243901_n.jpg?stp=dst-jpg_s720x720&_nc_cat=108&ccb=1-7&_nc_sid=ad6a45&_nc_eui2=AeHA5loze7yxMJQhYaBVPF156QQKDg-eMVvpBAoOD54xW1wJTsu4DIWluNEGRmGNOh-frSy_nbcVLWXcHEi8C68q&_nc_ohc=eWSq8rncKI0AX8wt5RE&_nc_ht=z-p3-scontent.fcmn1-4.fna&edm=AKK4YLsEAAAA&oh=00_AfAelNOdRoGvHPBbgssfinRSENcOhFlhq0nElQwv8O4nng&oe=64C80103', 'width': 405}}, 'target': {'id': '1390394525129419', 'url': 'https://www.facebook.com/245871311735062/videos/1390394525129419'}, 'type': 'video_inline', 'url': 'https://www.facebook.com/245871311735062/videos/1390394525129419'}]",2,[],0,0,0,124
100391969617030_159865780335616,"Découvrez notre nouvelle recette: Rghifa Viande Haché au four ! 🍴🤤

Savourez notre Rghifa faite maison, fourrée avec de la viande hachée parfaitement assaisonnée et cuite au four pour une expérience culinaire unique. Croustillante à l'extérieur et moelleuse à l'intérieur, notre Rghifa Viande Haché est la collation parfaite pour tous les amoureux de la cuisine marocaine traditionnelle.

👨‍🍳 Nos pâtissiers talentueux préparent chaque Rghifa à la main, en utilisant uniquement des ingrédients de qualité supérieure. Vous pouvez vraiment goûter la différence !

Venez découvrir notre Rghifa Viande Haché chez Janati's Patisserie Artisanale et laissez-vous emporter par les saveurs authentiques du Maroc. 🇲🇦👌

#Maroc #Harhoura #Rabat #RghifaViandeHachee #Patisserie",2023-03-29T16:00:07+0000,"[{'description': ""Découvrez notre nouvelle recette: Rghifa Viande Haché au four ! 🍴🤤\n\nSavourez notre Rghifa faite maison, fourrée avec de la viande hachée parfaitement assaisonnée et cuite au four pour une expérience culinaire unique. Croustillante à l'extérieur et moelleuse à l'intérieur, notre Rghifa Viande Haché est la collation parfaite pour tous les amoureux de la cuisine marocaine traditionnelle.\n\n👨\u200d🍳 Nos pâtissiers talentueux préparent chaque Rghifa à la main, en utilisant uniquement des ingrédients de qualité supérieure. Vous pouvez vraiment goûter la différence !\n\nVenez découvrir notre Rghifa Viande Haché chez Janati's Patisserie Artisanale et laissez-vous emporter par les saveurs authentiques du Maroc. 🇲🇦👌\n\n#Maroc #Harhoura #Rabat #RghifaViandeHachee #Patisserie"", 'media': {'image': {'height': 720, 'src': 'https://z-p3-scontent.fcmn1-4.fna.fbcdn.net/v/t39.30808-6/337514904_593461749339931_413596183568421714_n.jpg?stp=dst-jpg_p720x720&_nc_cat=108&ccb=1-7&_nc_sid=730e14&_nc_eui2=AeEnZpTk3ZAEqgHPYMsYjFIYCVfvkEtHXMIJV--QS0dcwhFKpZokDOzzZk7T67XGC8WCNwMC86BAwyuM77neAjDG&_nc_ohc=fA2a0SRyguEAX-Spihy&_nc_zt=23&_nc_ht=z-p3-scontent.fcmn1-4.fna&edm=AKK4YLsEAAAA&oh=00_AfDUhcvbkJtcMUP4Fg-95E1pi9_6wsbl1naJ6WtjJvTBNQ&oe=64C82DBD', 'width': 720}}, 'target': {'id': '159865757002285', 'url': 'https://www.facebook.com/photo.php?fbid=159865757002285&set=a.104595589195969&type=3'}, 'type': 'photo', 'url': 'https://www.facebook.com/photo.php?fbid=159865757002285&set=a.104595589195969&type=3'}]",1,[],0,0,0,124
100391969617030_159218167067044,"Chez JANATI'S Pâtisserie Artisanale, nous sommes fiers de proposer des produits de qualité supérieure, préparés avec soin et passion. 🌟 Notre pain complet à l'ancienne est une véritable expérience culinaire, avec une texture moelleuse et une saveur délicieuse. 😋

Notre pain complet à l'ancienne est préparé selon des recettes transmises de génération en génération, avec une attention particulière portée à chaque étape de la préparation. 🧑‍🍳 Nous n'utilisons que des ingrédients de première qualité, pour garantir des saveurs riches et authentiques. 🌟

Notre pain complet à l'ancienne est une excellente source de fibres et de nutriments essentiels, pour une alimentation saine et équilibrée. 🌾 Venez déguster notre pain complet à l'ancienne chez JANATI'S Pâtisserie Artisanale pour une expérience culinaire authentique et délicieuse. 🤤👌

#Maroc 🇲🇦 #Harhoura #Rabat #PainComplet #AlimentationSaine #Patisserie",2023-03-28T16:00:04+0000,"[{'description': ""Chez JANATI'S Pâtisserie Artisanale, nous sommes fiers de proposer des produits de qualité supérieure, préparés avec soin et passion. 🌟 Notre pain complet à l'ancienne est une véritable expérience culinaire, avec une texture moelleuse et une saveur délicieuse. 😋\n\nNotre pain complet à l'ancienne est préparé selon des recettes transmises de génération en génération, avec une attention particulière portée à chaque étape de la préparation. 🧑\u200d🍳 Nous n'utilisons que des ingrédients de première qualité, pour garantir des saveurs riches et authentiques. 🌟\n\nNotre pain complet à l'ancienne est une excellente source de fibres et de nutriments essentiels, pour une alimentation saine et équilibrée. 🌾 Venez déguster notre pain complet à l'ancienne chez JANATI'S Pâtisserie Artisanale pour une expérience culinaire authentique et délicieuse. 🤤👌\n\n#Maroc 🇲🇦 #Harhoura #Rabat #PainComplet #AlimentationSaine #Patisserie"", 'media': {'image': {'height': 720, 'src': 'https://z-p3-scontent.fcmn1-4.fna.fbcdn.net/v/t39.30808-6/337262844_3291753121074502_7055379676018659008_n.jpg?stp=dst-jpg_p720x720&_nc_cat=110&ccb=1-7&_nc_sid=730e14&_nc_eui2=AeGCO-eeOUcK2rSd4FS4xc5qz20W0oyG0RvPbRbSjIbRG7sysgbFyCjvzaPETV_OVQK8mZPFv9PvtriVgdqi4Qww&_nc_ohc=ReeK1ZgCYlQAX-ogLiT&_nc_zt=23&_nc_ht=z-p3-scontent.fcmn1-4.fna&edm=AKK4YLsEAAAA&oh=00_AfBKvuYY7liLklogTDc0bBhn8MfG68RmWs3yypcotBoVVw&oe=64C91E89', 'width': 720}}, 'target': {'id': '159218140400380', 'url': 'https://www.facebook.com/photo.php?fbid=159218140400380&set=a.104595589195969&type=3'}, 'type': 'photo', 'url': 'https://www.facebook.com/photo.php?fbid=159218140400380&set=a.104595589195969&type=3'}]",1,[],0,0,0,124
100391969617030_158666783788849,"Notre pain complet aux graines est parfait pour une alimentation saine et équilibrée ! 🌾🍞🌿

Chez JANATI'S Pâtisserie Artisanale, nous sommes fiers de proposer des produits de qualité supérieure, préparés avec soin et passion. Notre pain complet aux graines est une véritable expérience culinaire, avec une texture moelleuse et une saveur délicieuse. Fait à partir d'ingrédients de première qualité, notre pain complet aux graines est une excellente source de fibres et de nutriments essentiels.

Venez déguster notre pain complet aux graines chez JANATI'S Pâtisserie Artisanale pour une expérience culinaire authentique et délicieuse. 🤤👌

#Maroc 🇲🇦 #Harhoura #Rabat #PainComplet #Graines #AlimentationSaine #Patisserie",2023-03-27T21:20:04+0000,"[{'description': ""Notre pain complet aux graines est parfait pour une alimentation saine et équilibrée ! 🌾🍞🌿\n\nChez JANATI'S Pâtisserie Artisanale, nous sommes fiers de proposer des produits de qualité supérieure, préparés avec soin et passion. Notre pain complet aux graines est une véritable expérience culinaire, avec une texture moelleuse et une saveur délicieuse. Fait à partir d'ingrédients de première qualité, notre pain complet aux graines est une excellente source de fibres et de nutriments essentiels.\n\nVenez déguster notre pain complet aux graines chez JANATI'S Pâtisserie Artisanale pour une expérience culinaire authentique et délicieuse. 🤤👌\n\n#Maroc 🇲🇦 #Harhoura #Rabat #PainComplet #Graines #AlimentationSaine #Patisserie"", 'media': {'image': {'height': 720, 'src': 'https://z-p3-scontent.fcmn1-2.fna.fbcdn.net/v/t39.30808-6/337416241_1401932390552550_1849458878512119665_n.jpg?stp=dst-jpg_p720x720&_nc_cat=105&ccb=1-7&_nc_sid=730e14&_nc_eui2=AeGJNVhohs1Et17OQk_VYetT2szFM1LhwgvazMUzUuHCC9L25i426JqvepBtkMvLt3frn0ZjehuNcQxVxnNCkVFb&_nc_ohc=3I1nldVGLMgAX_8Qzuu&_nc_zt=23&_nc_ht=z-p3-scontent.fcmn1-2.fna&edm=AKK4YLsEAAAA&oh=00_AfD4FnjX5p87Nex-cQFrp0X7visZCFV6TOxdykCLPAmP5w&oe=64C8CEE6', 'width': 720}}, 'target': {'id': '158666747122186', 'url': 'https://www.facebook.com/photo.php?fbid=158666747122186&set=a.104595589195969&type=3'}, 'type': 'photo', 'url': 'https://www.facebook.com/photo.php?fbid=158666747122186&set=a.104595589195969&type=3'}]",1,[],0,0,0,124
100391969617030_157625110559683,"Hamburger Fait Maison JANATI'S 🍔🏡

Chez JANATI'S Pâtisserie Artisanale, nous sommes fiers de vous proposer des produits de qualité supérieure, préparés avec soin et passion. Notre Hamburger Fait Maison est une véritable expérience culinaire, avec du pain moelleux, du boeuf grillé, du fromage fondu et des légumes frais. 🍅🧀🥬

Venez déguster notre Hamburger Fait Maison chez JANATI'S Pâtisserie Artisanale pour une expérience culinaire authentique et délicieuse. 🤤👌

#Maroc 🇲🇦 #Harhoura #Rabat #HamburgerFaitMaison #PatisserieArtisanale",2023-03-26T10:15:07+0000,"[{'description': ""Hamburger Fait Maison JANATI'S 🍔🏡\n\nChez JANATI'S Pâtisserie Artisanale, nous sommes fiers de vous proposer des produits de qualité supérieure, préparés avec soin et passion. Notre Hamburger Fait Maison est une véritable expérience culinaire, avec du pain moelleux, du boeuf grillé, du fromage fondu et des légumes frais. 🍅🧀🥬\n\nVenez déguster notre Hamburger Fait Maison chez JANATI'S Pâtisserie Artisanale pour une expérience culinaire authentique et délicieuse. 🤤👌\n\n#Maroc 🇲🇦 #Harhoura #Rabat #HamburgerFaitMaison #PatisserieArtisanale"", 'media': {'image': {'height': 720, 'src': 'https://z-p3-scontent.fcmn1-4.fna.fbcdn.net/v/t39.30808-6/337275383_727130312433839_5704691559742477750_n.jpg?stp=dst-jpg_p720x720&_nc_cat=108&ccb=1-7&_nc_sid=730e14&_nc_eui2=AeHjhX-LWKoJ9i9vk_eUDmngqRkChAW3ep-pGQKEBbd6nx2xb9ba-9hN9Z_6j6FhTc_2pSgiYe7UHu1C0LdndLZC&_nc_ohc=9fRI7Q-jQToAX-PrTmU&_nc_zt=23&_nc_ht=z-p3-scontent.fcmn1-4.fna&edm=AKK4YLsEAAAA&oh=00_AfC4I731eMeF6r-Bbi8V3Xm1iIYPoJBbudS5JCXM3OVBnA&oe=64C91CCF', 'width': 720}}, 'target': {'id': '157625090559685', 'url': 'https://www.facebook.com/photo.php?fbid=157625090559685&set=a.104595589195969&type=3'}, 'type': 'photo', 'url': 'https://www.facebook.com/photo.php?fbid=157625090559685&set=a.104595589195969&type=3'}]",1,[],0,0,0,124
100391969617030_157254237263437,"Venez déguster nos délicieuses Ghriyba Bahla chez JANATI'S Patisserie Artisanale ! 🌟👌

Notre Ghriyba Bahla est une véritable expérience gustative, une délicieuse spécialité marocaine traditionnelle qui ravira vos papilles à coup sûr. Fait à partir d'ingrédients de première qualité, notre Ghriyba Bahla est préparée avec soin selon des recettes familiales transmises de génération en génération.

Alors n'hésitez plus, venez déguster notre Ghriyba Bahla chez JANATI'S Pâtisserie Artisanale et laissez votre palais vous emmener en voyage à travers les saveurs délicieuses de notre cher Maroc. 🇲🇦💛 #Maroc #Harhoura #Rabat #GhriybaBahla #Patisserie",2023-03-25T21:12:03+0000,"[{'description': ""Venez déguster nos délicieuses Ghriyba Bahla chez JANATI'S Patisserie Artisanale ! 🌟👌\n\nNotre Ghriyba Bahla est une véritable expérience gustative, une délicieuse spécialité marocaine traditionnelle qui ravira vos papilles à coup sûr. Fait à partir d'ingrédients de première qualité, notre Ghriyba Bahla est préparée avec soin selon des recettes familiales transmises de génération en génération.\n\nAlors n'hésitez plus, venez déguster notre Ghriyba Bahla chez JANATI'S Pâtisserie Artisanale et laissez votre palais vous emmener en voyage à travers les saveurs délicieuses de notre cher Maroc. 🇲🇦💛 #Maroc #Harhoura #Rabat #GhriybaBahla #Patisserie"", 'media': {'image': {'height': 720, 'src': 'https://z-p3-scontent.fcmn1-2.fna.fbcdn.net/v/t39.30808-6/337147937_946144659843470_5021464013565450002_n.jpg?stp=dst-jpg_p720x720&_nc_cat=103&ccb=1-7&_nc_sid=730e14&_nc_eui2=AeFnzKFRDUMC5uAWv_n60rPJd0DZ-dg3wNx3QNn52DfA3OA2p9G4cAjlPYioUhSUDCqM3pFSp3HFszVx8e3chhi0&_nc_ohc=X-6B2qN3s3gAX9M9Qcq&_nc_zt=23&_nc_ht=z-p3-scontent.fcmn1-2.fna&edm=AKK4YLsEAAAA&oh=00_AfCqnzzyLihZZZPMbieE2OZ6DH0XpFcfJPGH6UUOYq90iQ&oe=64C95061', 'width': 720}}, 'target': {'id': '157254203930107', 'url': 'https://www.facebook.com/photo.php?fbid=157254203930107&set=a.104595589195969&type=3'}, 'type': 'photo', 'url': 'https://www.facebook.com/photo.php?fbid=157254203930107&set=a.104595589195969&type=3'}]",1,[],0,0,0,124
100391969617030_156868960635298,"Les brioches marocaines au sésame, à l'anis et à la fleur d'oranger sont un vrai délice chez Janati's Patisserie Artisanale ! 🇲🇦💛

Nos brioches sont préparées à partir d'ingrédients de qualité supérieure, avec une touche spéciale de Janati's qui ajoute une saveur unique qui vous transportera directement au Maroc. 🌟🌟

Venez déguster nos délicieuses brioches chez Janati's et laissez-vous emporter par les saveurs authentiques de notre cher Maroc. 🤤👌 #Maroc #Harhoura #Rabat #Brioche #Sésame #Anis #FleurDOranger #Patisserie",2023-03-25T10:09:04+0000,"[{'description': ""Les brioches marocaines au sésame, à l'anis et à la fleur d'oranger sont un vrai délice chez Janati's Patisserie Artisanale ! 🇲🇦💛\n\nNos brioches sont préparées à partir d'ingrédients de qualité supérieure, avec une touche spéciale de Janati's qui ajoute une saveur unique qui vous transportera directement au Maroc. 🌟🌟\n\nVenez déguster nos délicieuses brioches chez Janati's et laissez-vous emporter par les saveurs authentiques de notre cher Maroc. 🤤👌 #Maroc #Harhoura #Rabat #Brioche #Sésame #Anis #FleurDOranger #Patisserie"", 'media': {'image': {'height': 720, 'src': 'https://z-p3-scontent.fcmn1-2.fna.fbcdn.net/v/t39.30808-6/336774586_1605712749946636_6764273503443467057_n.jpg?stp=dst-jpg_p720x720&_nc_cat=105&ccb=1-7&_nc_sid=730e14&_nc_eui2=AeFWME1DlU7HOwMN8ASSkEm2Atk0W6a7fIgC2TRbprt8iI6iWjCZ4fzbrsffNbQ1vhIYz5Tg1d8ahL7BJitcIJaV&_nc_ohc=6XYfQvSsVhoAX_8HtsX&_nc_zt=23&_nc_ht=z-p3-scontent.fcmn1-2.fna&edm=AKK4YLsEAAAA&oh=00_AfAAD09XDQJ2xbrV232WcKje4nprxJlFAIPbysVbxNhGJA&oe=64C96A90', 'width': 720}}, 'target': {'id': '156868947301966', 'url': 'https://www.facebook.com/photo.php?fbid=156868947301966&set=a.104595589195969&type=3'}, 'type': 'photo', 'url': 'https://www.facebook.com/photo.php?fbid=156868947301966&set=a.104595589195969&type=3'}]",1,[],0,0,0,124
100391969617030_156507950671399,"Les Maamoul Tmare sont de délicieuses pâtisseries orientales à base de dattes et de semoule, souvent servies pendant les fêtes religieuses. Chez Janati's Patisserie Artisanale, nous préparons nos Maamoul Tmare avec des ingrédients de première qualité, selon des recettes familiales transmises de génération en génération. Venez déguster nos délicieux Maamoul Tmare et laissez-vous emporter en voyage à travers les saveurs exquises de notre cher Maroc. 🇲🇦💛 #Maroc #Harhoura #Rabat #MaamoulTmare #Patisserie",2023-03-24T20:56:31+0000,"[{'description': ""Les Maamoul Tmare sont de délicieuses pâtisseries orientales à base de dattes et de semoule, souvent servies pendant les fêtes religieuses. Chez Janati's Patisserie Artisanale, nous préparons nos Maamoul Tmare avec des ingrédients de première qualité, selon des recettes familiales transmises de génération en génération. Venez déguster nos délicieux Maamoul Tmare et laissez-vous emporter en voyage à travers les saveurs exquises de notre cher Maroc. 🇲🇦💛 #Maroc #Harhoura #Rabat #MaamoulTmare #Patisserie"", 'media': {'image': {'height': 720, 'src': 'https://z-p3-scontent.fcmn1-3.fna.fbcdn.net/v/t39.30808-6/337536451_571573171417014_1023193203036835888_n.jpg?stp=dst-jpg_p720x720&_nc_cat=101&ccb=1-7&_nc_sid=730e14&_nc_eui2=AeHqQFnBaHPROvR-KrF5e67wqz00Qrp2FjerPTRCunYWN-dFKtnlZD6brrDZteWPmwHYIsnZNS-P3kU7mp2XOLqq&_nc_ohc=lZVh-4Pp6J8AX-vt6IJ&_nc_zt=23&_nc_ht=z-p3-scontent.fcmn1-3.fna&edm=AKK4YLsEAAAA&oh=00_AfAeG__0ayGFcDD9tY8wzoSFDxtGHPtPvz7d-_fljvNSwg&oe=64C9214F', 'width': 720}}, 'target': {'id': '156507720671422', 'url': 'https://www.facebook.com/photo.php?fbid=156507720671422&set=a.104595589195969&type=3'}, 'type': 'photo', 'url': 'https://www.facebook.com/photo.php?fbid=156507720671422&set=a.104595589195969&type=3'}]",1,[],0,0,0,124
100391969617030_156499164005611,"🌙🍴 Vous cherchez une délicieuse collation pour rompre votre jeûne pendant le Ramadan ? Ne cherchez plus ! Chez JANATI'S Pâtisserie, nous proposons des Batbout Farci faits maison et remplis de saveurs authentiques marocaines. 🇲🇦👌

Nos Batbout Farci sont préparés avec des ingrédients de qualité supérieure et une touche spéciale de Janati's, pour une expérience culinaire unique que vous ne voudrez pas manquer. 🤤

Alors venez chez JANATI'S Pâtisserie pour une expérience culinaire délicieuse et authentique pendant le Ramadan ! 🌙🍴 #Ramadan #Batbout #PatisserieMarocaine #JANATIS #Rabat #Harhoura",2023-03-24T20:43:42+0000,"[{'description': ""🌙🍴 Vous cherchez une délicieuse collation pour rompre votre jeûne pendant le Ramadan ? Ne cherchez plus ! Chez JANATI'S Pâtisserie, nous proposons des Batbout Farci faits maison et remplis de saveurs authentiques marocaines. 🇲🇦👌\n\nNos Batbout Farci sont préparés avec des ingrédients de qualité supérieure et une touche spéciale de Janati's, pour une expérience culinaire unique que vous ne voudrez pas manquer. 🤤\n\nAlors venez chez JANATI'S Pâtisserie pour une expérience culinaire délicieuse et authentique pendant le Ramadan ! 🌙🍴 #Ramadan #Batbout #PatisserieMarocaine #JANATIS #Rabat #Harhoura"", 'media': {'image': {'height': 720, 'src': 'https://z-p3-scontent.fcmn1-1.fna.fbcdn.net/v/t39.30808-6/337672362_1392645758165762_1110879248666949868_n.jpg?stp=dst-jpg_p720x720&_nc_cat=107&ccb=1-7&_nc_sid=2c4854&_nc_eui2=AeFjTaDpjerDfaxDmwlBB9TigOlJj8P4qA2A6UmPw_ioDUd2fuvOr2wpTXxAPyWucmgb24IXun6aV2h1tpXpS9Zj&_nc_ohc=uqXPVEu0ZrgAX98wKk-&_nc_zt=23&_nc_ht=z-p3-scontent.fcmn1-1.fna&edm=AKK4YLsEAAAA&oh=00_AfBzfBVp_Vloive-Yyyi8yMFL5-u9asnc5dVYAlftFgapQ&oe=64C939CC', 'width': 720}}, 'target': {'id': '156499164005611', 'url': 'https://www.facebook.com/photo.php?fbid=156499164005611&set=a.104595589195969&type=3'}, 'title': 'Photos du journal', 'type': 'photo', 'url': 'https://www.facebook.com/photo.php?fbid=156499164005611&set=a.104595589195969&type=3'}]",1,[],0,0,0,124
100391969617030_154057324249795,"🍴🍗 Notre nouvel ajout au menu est le délicieux PATILLA POULET ! 🍗🍴

Savourez notre poulet grillé parfaitement assaisonné avec une sauce aux épices douces. Un plat copieux et sain qui ravira vos papilles ! 😍😋

Venez le déguster chez Janati's Patisserie Artisanale pour une expérience culinaire authentique et délicieuse. 🇲🇦👌

#Maroc #Harhoura #Rabat #PatillaPoulet #PouletGrillé #CuisineSaine #Patisserie",2023-03-21T13:17:00+0000,"[{'description': ""🍴🍗 Notre nouvel ajout au menu est le délicieux PATILLA POULET ! 🍗🍴\n\nSavourez notre poulet grillé parfaitement assaisonné avec une sauce aux épices douces. Un plat copieux et sain qui ravira vos papilles ! 😍😋\n\nVenez le déguster chez Janati's Patisserie Artisanale pour une expérience culinaire authentique et délicieuse. 🇲🇦👌\n\n#Maroc #Harhoura #Rabat #PatillaPoulet #PouletGrillé #CuisineSaine #Patisserie"", 'media': {'image': {'height': 720, 'src': 'https://z-p3-scontent.fcmn1-2.fna.fbcdn.net/v/t39.30808-6/336741102_944390173427616_386599310860886307_n.jpg?stp=dst-jpg_p720x720&_nc_cat=105&ccb=1-7&_nc_sid=730e14&_nc_eui2=AeH1EKBIk6PJtO6nuhoBZEFFxzFhZ7MfBj3HMWFnsx8GPWxONQow7xpusLpMj30DgcxD__kigIbB4KTYK_oyG_kS&_nc_ohc=FBtCBFow-MoAX_igdSS&_nc_zt=23&_nc_ht=z-p3-scontent.fcmn1-2.fna&edm=AKK4YLsEAAAA&oh=00_AfBG_mAq0fwXtv9cubf21OSLJIkDnq5oI8p4lv7xJXAGwg&oe=64C9B6EA', 'width': 720}}, 'target': {'id': '154057100916484', 'url': 'https://www.facebook.com/photo.php?fbid=154057100916484&set=a.104595589195969&type=3'}, 'type': 'photo', 'url': 'https://www.facebook.com/photo.php?fbid=154057100916484&set=a.104595589195969&type=3'}]",2,[],0,0,0,124
100391969617030_152005771121617,"Ramadan Kareem à tous! 🌙

Nous sommes ravis de vous présenter nos délicieuses Moassalate amande de JANATI'S Pâtisserie Artisanale! 🧁😍

Ces délicieuses pâtisseries sont faites avec des amandes grillées et caramélisées, donnant une saveur riche et décadente qui est parfait pour satisfaire vos envies sucrées après un long jour de jeûne. 🤤

Venez nous rendre visite et goûter nos Moassalate amande à tout moment pendant le mois saint! Nous attendons avec impatience votre visite. 🤗
#Ramadan #rabat #Harhoura",2023-03-18T19:00:06+0000,"[{'description': ""Ramadan Kareem à tous! 🌙\n\nNous sommes ravis de vous présenter nos délicieuses Moassalate amande de JANATI'S Pâtisserie Artisanale! 🧁😍\n\nCes délicieuses pâtisseries sont faites avec des amandes grillées et caramélisées, donnant une saveur riche et décadente qui est parfait pour satisfaire vos envies sucrées après un long jour de jeûne. 🤤\n\nVenez nous rendre visite et goûter nos Moassalate amande à tout moment pendant le mois saint! Nous attendons avec impatience votre visite. 🤗\n#Ramadan #rabat #Harhoura"", 'media': {'image': {'height': 720, 'src': 'https://z-p3-scontent.fcmn1-4.fna.fbcdn.net/v/t39.30808-6/336580276_246912751026393_8710479464693621364_n.jpg?stp=dst-jpg_p720x720&_nc_cat=106&ccb=1-7&_nc_sid=730e14&_nc_eui2=AeEdMZNal_54NunPgpplkZL2Hlxkf_lDwHAeXGR_-UPAcHcDFE-_MoTpK9Frv7J-meDd_IH7rh_NZ8zYqFyiL1Dd&_nc_ohc=K9hIY8_mkvMAX-5ptOG&_nc_zt=23&_nc_ht=z-p3-scontent.fcmn1-4.fna&edm=AKK4YLsEAAAA&oh=00_AfAeN04rr35ougVtkK271gU6n9O5lwAMytir0NfAwwcrSQ&oe=64C86CB4', 'width': 720}}, 'target': {'id': '152005731121621', 'url': 'https://www.facebook.com/photo.php?fbid=152005731121621&set=a.104595589195969&type=3'}, 'type': 'photo', 'url': 'https://www.facebook.com/photo.php?fbid=152005731121621&set=a.104595589195969&type=3'}]",1,[],0,0,0,124
100391969617030_150544697934391,"🎉🎉🎉 Ramadan approche à grands pas !! 🎉🎉🎉

Quoi de mieux que de célébrer ce mois béni avec des Moassalate délicieuses et authentiques de JANATI'S Pâtisserie ! 😋

Nos Moassalate sont préparées avec amour et savoir-faire, pour vous offrir une expérience gustative unique.

Ne manquez pas l'occasion de goûter à nos Moassalate cette année ! 🤤

#Moassalate #JANATISpatisserie #Ramadan #Authentique #Délicieux #rabat",2023-03-16T18:00:08+0000,"[{'description': ""🎉🎉🎉 Ramadan approche à grands pas !! 🎉🎉🎉\n\nQuoi de mieux que de célébrer ce mois béni avec des Moassalate délicieuses et authentiques de JANATI'S Pâtisserie ! 😋\n\nNos Moassalate sont préparées avec amour et savoir-faire, pour vous offrir une expérience gustative unique.\n\nNe manquez pas l'occasion de goûter à nos Moassalate cette année ! 🤤\n\n#Moassalate #JANATISpatisserie #Ramadan #Authentique #Délicieux #rabat"", 'media': {'image': {'height': 720, 'src': 'https://z-p3-scontent.fcmn1-3.fna.fbcdn.net/v/t39.30808-6/336384470_532931832082087_2754034554578825074_n.jpg?stp=dst-jpg_p720x720&_nc_cat=111&ccb=1-7&_nc_sid=730e14&_nc_eui2=AeEcHEnHST3fW0E1aUHcI_pxxlx4PMkxNTnGXHg8yTE1ORfppt6-WbxezhTUHtDsiXy2wDjZ8V3WqBuh8LcW7vla&_nc_ohc=43DrOcDCKGcAX-floVa&_nc_zt=23&_nc_ht=z-p3-scontent.fcmn1-3.fna&edm=AKK4YLsEAAAA&oh=00_AfBi3OfdapmgCa9Mapb07LQlnSnA679dwqc5G6rHiJyeVA&oe=64C91A96', 'width': 720}}, 'target': {'id': '150544674601060', 'url': 'https://www.facebook.com/photo.php?fbid=150544674601060&set=a.104595589195969&type=3'}, 'type': 'photo', 'url': 'https://www.facebook.com/photo.php?fbid=150544674601060&set=a.104595589195969&type=3'}]",1,[],0,0,0,124
100391969617030_149799911342203,"Découvrez notre délicieux Rghifa aux amandes chez JANATI'S ! 🤤🌰
Cette pâtisserie traditionnelle est faite avec des amandes fraîches et apportera une touche de douceur à votre journée. 😍
Venez nous rendre visite pour essayer notre Rghifa et plein d'autres délices ! 🍪🍰🧁 #JANATI'S #pâtisserie #traditionnelle #amandes #gourmandise",2023-03-15T18:00:05+0000,"[{'description': ""Découvrez notre délicieux Rghifa aux amandes chez JANATI'S ! 🤤🌰\nCette pâtisserie traditionnelle est faite avec des amandes fraîches et apportera une touche de douceur à votre journée. 😍\nVenez nous rendre visite pour essayer notre Rghifa et plein d'autres délices ! 🍪🍰🧁 #JANATI'S #pâtisserie #traditionnelle #amandes #gourmandise"", 'media': {'image': {'height': 720, 'src': 'https://z-p3-scontent.fcmn1-2.fna.fbcdn.net/v/t39.30808-6/336539103_209260868452370_86496086489021454_n.jpg?stp=dst-jpg_p720x720&_nc_cat=100&ccb=1-7&_nc_sid=730e14&_nc_eui2=AeHios9zYduG6EBVGe3mkmE2S7MXfI6yQB1Lsxd8jrJAHRJeThiRvgDCqodn3DHp_016KcG-Ia4faXECV6odEa6O&_nc_ohc=z0csulLlDeIAX9DqoI2&_nc_zt=23&_nc_ht=z-p3-scontent.fcmn1-2.fna&edm=AKK4YLsEAAAA&oh=00_AfD0FY2QgBHQuW9p1JHGfqRX5WXKM93jf1Sr1dc8WU8UnA&oe=64C87C57', 'width': 720}}, 'target': {'id': '149799898008871', 'url': 'https://www.facebook.com/photo.php?fbid=149799898008871&set=a.104595589195969&type=3'}, 'type': 'photo', 'url': 'https://www.facebook.com/photo.php?fbid=149799898008871&set=a.104595589195969&type=3'}]",11,[],0,2,0,124
100391969617030_145248721797322,"Harcha Orge ! JANATI’S 🥖🇲🇦

Chez Janati’s 🌟 Patisserie Artisanale, nous proposons une gamme de délicieuses collations marocaines traditionnelles, préparées avec soin et passion. Notre Harcha Orge est un favori de nos clients, un délice moelleux et savoureux à base de semoule d'orge. Parfait pour un petit-déjeuner ""santé"", il est particulièrement délicieux lorsqu'il est dégusté avec de l'huile d'olive 🫒.

👨‍🍳 Nous utilisons les meilleurs ingrédients pour notre Harcha Orge, afin de garantir que chaque bouchée soit une expérience gustative merveilleuse. 

Venez découvrir ou commander notre Harcha Orge chez Janati's Patisserie Artisanale et laissez-vous emporter par les saveurs authentiques du Maroc 🇲🇦. #Maroc #Harhoura #Rabat #HarchaOrge #Patisserie 🍮🌟💫",2023-03-09T19:00:04+0000,"[{'description': 'Harcha Orge ! JANATI’S 🥖🇲🇦\n\nChez Janati’s 🌟 Patisserie Artisanale, nous proposons une gamme de délicieuses collations marocaines traditionnelles, préparées avec soin et passion. Notre Harcha Orge est un favori de nos clients, un délice moelleux et savoureux à base de semoule d\'orge. Parfait pour un petit-déjeuner ""santé"", il est particulièrement délicieux lorsqu\'il est dégusté avec de l\'huile d\'olive 🫒.\n\n👨\u200d🍳 Nous utilisons les meilleurs ingrédients pour notre Harcha Orge, afin de garantir que chaque bouchée soit une expérience gustative merveilleuse. \n\nVenez découvrir ou commander notre Harcha Orge chez Janati\'s Patisserie Artisanale et laissez-vous emporter par les saveurs authentiques du Maroc 🇲🇦. #Maroc #Harhoura #Rabat #HarchaOrge #Patisserie 🍮🌟💫', 'media': {'image': {'height': 720, 'src': 'https://z-p3-scontent.fcmn1-2.fna.fbcdn.net/v/t39.30808-6/332142958_229577436109562_4670955519561912903_n.jpg?stp=dst-jpg_p720x720&_nc_cat=105&ccb=1-7&_nc_sid=730e14&_nc_eui2=AeG0XrA0iqSYkPWKiir8w9POkIBa9BI_9syQgFr0Ej_2zNRd7mvfYKrpcL-9CP0jBEbUowajdkH96Sn5xJCeppEV&_nc_ohc=PcjKhkRegaoAX-K7M3i&_nc_zt=23&_nc_ht=z-p3-scontent.fcmn1-2.fna&edm=AKK4YLsEAAAA&oh=00_AfDPlpqmnqSXn7BvyZjIMf0Omiy8PQaadYiGOE5f7iPfzQ&oe=64C8F866', 'width': 720}}, 'target': {'id': '145248691797325', 'url': 'https://www.facebook.com/photo.php?fbid=145248691797325&set=a.104595589195969&type=3'}, 'type': 'photo', 'url': 'https://www.facebook.com/photo.php?fbid=145248691797325&set=a.104595589195969&type=3'}]",10,[],0,0,0,124
100391969617030_145230201799174,"🎉🎁🌙 Venez déguster nos délices lors de l'événement Marché du Ramadan organisé au Collège Saint Exupéry à Rabat le 11 mars 2023 ! 🌙🎁🎉

📍 Collège Saint Exupéry, Rue Al Maârif, Quartier Aviation, #Rabat

La pâtisserie JANATI’S sera présente pour vous faire découvrir ses spécialités sucrées et salées, préparées avec passion et savoir-faire. Ne manquez pas cette occasion de goûter nos délicieux Briouates amandes, pâtisseries artisanales, Chebakia, Briouates, pains spéciaux et bien d'autres douceurs !

Et ce n'est pas tout ! Une tombola sera organisée avec de nombreux cadeaux à gagner. Alors, venez nombreux pour passer un moment convivial et savourer les saveurs du Ramadan. Nous avons hâte de vous rencontrer ! 😍

N'oubliez pas de partager cette invitation avec vos amis et votre famille. À très bientôt, JANATI’S Pâtisserie ! 🌸🍪🍩

#maroc #ramadan #rabat #recette #janati’s",2023-03-09T18:24:17+0000,"[{'description': ""🎉🎁🌙 Venez déguster nos délices lors de l'événement Marché du Ramadan organisé au Collège Saint Exupéry à Rabat le 11 mars 2023 ! 🌙🎁🎉\n\n📍 Collège Saint Exupéry, Rue Al Maârif, Quartier Aviation, #Rabat\n\nLa pâtisserie JANATI’S sera présente pour vous faire découvrir ses spécialités sucrées et salées, préparées avec passion et savoir-faire. Ne manquez pas cette occasion de goûter nos délicieux Briouates amandes, pâtisseries artisanales, Chebakia, Briouates, pains spéciaux et bien d'autres douceurs !\n\nEt ce n'est pas tout ! Une tombola sera organisée avec de nombreux cadeaux à gagner. Alors, venez nombreux pour passer un moment convivial et savourer les saveurs du Ramadan. Nous avons hâte de vous rencontrer ! 😍\n\nN'oubliez pas de partager cette invitation avec vos amis et votre famille. À très bientôt, JANATI’S Pâtisserie ! 🌸🍪🍩\n\n#maroc #ramadan #rabat #recette #janati’s"", 'media': {'image': {'height': 723, 'src': 'https://z-p3-scontent.fcmn1-1.fna.fbcdn.net/v/t39.30808-6/330401804_221794213593933_8477113397665399315_n.jpg?stp=dst-jpg_p720x720&_nc_cat=109&ccb=1-7&_nc_sid=8bfeb9&_nc_eui2=AeHVPCb9d0AKBsz3VTDZ2mKf5OqwB_OjMcbk6rAH86MxxmFllt0fdbDLZVSeN0GcBURWgh3f9tQRvbEr9St_o22G&_nc_ohc=tZtDbXoLud4AX_Kq9wG&_nc_zt=23&_nc_ht=z-p3-scontent.fcmn1-1.fna&edm=AKK4YLsEAAAA&oh=00_AfCMmlraqdxRR9mDF8ajRmVJoXJIVdvqP0mgN1AC1AE1Qg&oe=64C7FA41', 'width': 720}}, 'target': {'id': '145230168465844', 'url': 'https://www.facebook.com/photo.php?fbid=145230168465844&set=a.143618601960334&type=3'}, 'type': 'photo', 'url': 'https://www.facebook.com/photo.php?fbid=145230168465844&set=a.143618601960334&type=3'}]",3,[],0,0,0,124
100391969617030_228909702886268,,2023-03-09T13:48:41+0000,"[{'description': '3 participant(s) · 22 intéressé(s)', 'media': {'image': {'height': 720, 'src': 'https://z-p3-scontent.fcmn1-1.fna.fbcdn.net/v/t39.30808-6/335007058_1648804458912032_2048864931345632307_n.jpg?stp=dst-jpg_p720x720&_nc_cat=102&ccb=1-7&_nc_sid=b386c4&_nc_eui2=AeHav_kb107gMf3URMvmkB6CUUvECNsv5udRS8QI2y_m5zJuT78LMlGIIP5g02D9_NNScIarrNUr3BgU25hwxjJ6&_nc_ohc=I32pX_LYPq0AX8G7isZ&_nc_zt=23&_nc_ht=z-p3-scontent.fcmn1-1.fna&edm=AKK4YLsEAAAA&oh=00_AfD2jeEEj7ZXmagdQ4BIckkz9M9ADLkJlbJZ-wdOpZNXjA&oe=64C959C4', 'width': 720}}, 'target': {'id': '228909702886268', 'url': 'https://www.facebook.com/events/228909702886268/'}, 'title': 'Marché du Ramadan', 'type': 'event', 'url': 'https://www.facebook.com/events/228909702886268/'}]",3,[],0,0,0,124
100391969617030_143618671960327,"Célébrez la journée internationale des femmes avec Janati's Patisserie Artisanale ! Nous sommes fiers de soutenir les femmes du monde entier en proposant des produits à base d'ingrédients de qualité supérieure, préparés avec soin et passion par notre équipe de femmes talentueuses. Venez déguster nos délicieuses pâtisseries chez Janati's et aidez-nous à célébrer les femmes qui font une différence dans le monde entier ! #JournéeInternationaleDesFemmes #FemmesDansLesEntreprises #JanatisPatisserieArtisanale #8mars #8march",2023-03-07T19:30:48+0000,"[{'description': ""Célébrez la journée internationale des femmes avec Janati's Patisserie Artisanale ! Nous sommes fiers de soutenir les femmes du monde entier en proposant des produits à base d'ingrédients de qualité supérieure, préparés avec soin et passion par notre équipe de femmes talentueuses. Venez déguster nos délicieuses pâtisseries chez Janati's et aidez-nous à célébrer les femmes qui font une différence dans le monde entier ! #JournéeInternationaleDesFemmes #FemmesDansLesEntreprises #JanatisPatisserieArtisanale #8mars #8march"", 'media': {'image': {'height': 722, 'src': 'https://z-p3-scontent.fcmn1-1.fna.fbcdn.net/v/t39.30808-6/333494736_509745344649008_6499921877361163713_n.jpg?stp=dst-jpg_p720x720&_nc_cat=104&ccb=1-7&_nc_sid=8bfeb9&_nc_eui2=AeEcncez6K7rU5nIDpQvVHET9D_JKYGCHvT0P8kpgYIe9BlHCMM8g6wAhZkwiP-hXX5j2LjbriFeiJcmkB5zN8Cm&_nc_ohc=fcZFxYfmrUgAX9etBDH&_nc_zt=23&_nc_ht=z-p3-scontent.fcmn1-1.fna&edm=AKK4YLsEAAAA&oh=00_AfBR7GYPO3kIQbX2eqy4BsAuJnwJIRskhlM6hox-TPXPZg&oe=64C86A39', 'width': 720}}, 'target': {'id': '143618565293671', 'url': 'https://www.facebook.com/photo.php?fbid=143618565293671&set=a.143618601960334&type=3'}, 'type': 'photo', 'url': 'https://www.facebook.com/photo.php?fbid=143618565293671&set=a.143618601960334&type=3'}]",4,[],0,0,0,124
100391969617030_143604808628380,"🌾 Meloui nature 🍞🇲🇦 JANATI’S

🍞🇲🇦 Chez Janati's Pâtisserie Artisanale, nous sommes fiers de proposer à nos clients des recettes traditionnelles marocaines, préparées avec soin et passion. Notre Meloui nature 🥐🌾 ne fait pas exception ! Moelleux à l'intérieur, croustillant à l'extérieur, notre Meloui nature est préparé à partir d'ingrédients de qualité supérieure 🌟🌟, selon des recettes familiales transmises de génération en génération 🧑‍🍳. Parfait pour un petit-déjeuner ou une collation gourmande 🤤, notre Meloui nature est un vrai délice pour les papilles 👅.

Alors, ne tardez plus et venez découvrir ou commander notre Meloui nature chez Janati's Pâtisserie Artisanale 🏃‍♀️🏃‍♂️💨. Nous sommes sûrs que vous allez adorer ! #Maroc 🇲🇦 #Harhoura #Rabat #MelouiNature #Patisserie 🍰",2023-03-07T19:00:03+0000,"[{'description': ""🌾 Meloui nature 🍞🇲🇦 JANATI’S\n\n🍞🇲🇦 Chez Janati's Pâtisserie Artisanale, nous sommes fiers de proposer à nos clients des recettes traditionnelles marocaines, préparées avec soin et passion. Notre Meloui nature 🥐🌾 ne fait pas exception ! Moelleux à l'intérieur, croustillant à l'extérieur, notre Meloui nature est préparé à partir d'ingrédients de qualité supérieure 🌟🌟, selon des recettes familiales transmises de génération en génération 🧑\u200d🍳. Parfait pour un petit-déjeuner ou une collation gourmande 🤤, notre Meloui nature est un vrai délice pour les papilles 👅.\n\nAlors, ne tardez plus et venez découvrir ou commander notre Meloui nature chez Janati's Pâtisserie Artisanale 🏃\u200d♀️🏃\u200d♂️💨. Nous sommes sûrs que vous allez adorer ! #Maroc 🇲🇦 #Harhoura #Rabat #MelouiNature #Patisserie 🍰"", 'media': {'image': {'height': 720, 'src': 'https://z-p3-scontent.fcmn1-4.fna.fbcdn.net/v/t39.30808-6/332162344_899859164461381_1770451268947742553_n.jpg?stp=dst-jpg_p720x720&_nc_cat=108&ccb=1-7&_nc_sid=730e14&_nc_eui2=AeEE6Vn6-3LGFCyHFHVOEnCY_2LpDSlvvYj_YukNKW-9iEnVaWJtNYpfVq-k2RJvcmdJk3RQYbMMrNRFuKH-894m&_nc_ohc=mxGeCFzsOfcAX_S9Nm_&_nc_zt=23&_nc_ht=z-p3-scontent.fcmn1-4.fna&edm=AKK4YLsEAAAA&oh=00_AfCOg_B3gdzgkjzDWLeYP3HddDfPaXScd59Jdnl_N1sVTw&oe=64C96DF4', 'width': 720}}, 'target': {'id': '143604791961715', 'url': 'https://www.facebook.com/photo.php?fbid=143604791961715&set=a.104595589195969&type=3'}, 'type': 'photo', 'url': 'https://www.facebook.com/photo.php?fbid=143604791961715&set=a.104595589195969&type=3'}]",4,[],0,0,0,124
100391969617030_141797288809132,,2023-03-05T14:53:10+0000,"[{'media': {'image': {'height': 720, 'src': 'https://z-p3-scontent.fcmn1-4.fna.fbcdn.net/v/t51.36329-10/332382583_147200058222066_4573136025495215396_n.jpg?stp=dst-jpg_s720x720&_nc_cat=108&ccb=1-7&_nc_sid=ad6a45&_nc_eui2=AeGH-GbPQWVvIb4ojDjX2cchTCDGBH9naRVMIMYEf2dpFdJXXMPYq3XC85CU4j1CCkBtOnwwyYQ93NL_cSIrEWfU&_nc_ohc=E1z3P8M6NVsAX8a0fIb&_nc_ht=z-p3-scontent.fcmn1-4.fna&edm=AKK4YLsEAAAA&oh=00_AfDVrlIqA1fSndtb4FoU-Rjx0hOpx4oLBILDptFSQsa2sQ&oe=64C9561A', 'width': 405}, 'source': 'https://z-p3-video.fcmn1-1.fna.fbcdn.net/v/t76.55760-2/306119317_731600028586003_6645283936152399416_n.mp4?_nc_cat=102&vs=a6ba305486bcbb1b&_nc_vs=HBksFQIYT2lnX3hwdl9yZWVsc19wZXJtYW5lbnRfcHJvZC82NDQ4NzIxNDI0OEY0Qzg0OUJDNkQ3RENCMTU3QjVCMl92aWRlb19kYXNoaW5pdC5tcDQVAALIAQAVABgkR0NzbzhoTVRqclNpdDdRQ0FJMk1pcnN2eUt3d2JxX0VBQUFGFQICyAEASweIEnByb2dyZXNzaXZlX3JlY2lwZQExDXN1YnNhbXBsZV9mcHMAEHZtYWZfZW5hYmxlX25zdWIAIG1lYXN1cmVfb3JpZ2luYWxfcmVzb2x1dGlvbl9zc2ltAChjb21wdXRlX3NzaW1fb25seV9hdF9vcmlnaW5hbF9yZXNvbHV0aW9uAB11c2VfbGFuY3pvc19mb3JfdnFtX3Vwc2NhbGluZwARZGlzYWJsZV9wb3N0X3B2cXMAFQAlAByMF0AAAAAAAAAAEREAAAAm1OPz9s35hQQVAigCQzMYC3Z0c19wcmV2aWV3HBdAF5mZmZmZmhgSZGFzaF9iYXNlbGluZV8xX3YxEgAYGHZpZGVvcy52dHMuY2FsbGJhY2sucHJvZDgSVklERU9fVklFV19SRVFVRVNUGwqIFW9lbV90YXJnZXRfZW5jb2RlX3RhZwZvZXBfaGQTb2VtX3JlcXVlc3RfdGltZV9tcwEwDG9lbV9jZmdfcnVsZQd1bm11dGVkE29lbV9yb2lfcmVhY2hfY291bnQDMTMwEW9lbV9pc19leHBlcmltZW50AAxvZW1fdmlkZW9faWQQNTk1NjYzNTkyNDQxNTU2NhJvZW1fdmlkZW9fYXNzZXRfaWQQNTc4MTMyNTM3ODY1NjA1MhVvZW1fdmlkZW9fcmVzb3VyY2VfaWQQMTEzODk4NDI0NjczNzEzMBxvZW1fc291cmNlX3ZpZGVvX2VuY29kaW5nX2lkDzIyMjQ0MDgzMzU5MTQxOA52dHNfcmVxdWVzdF9pZAAlAhwAJcQBGweIAXMENjE4NwJjZAoyMDIzLTAzLTA1A3JjYgMxMDADYXBwJkluc3RhZ3JhbSBmb3IgQW5kcm9pZCAoQW5hbHl0aWNzIE9ubHkpAmN0DkZCX1NIT1JUU19QT1NUE29yaWdpbmFsX2R1cmF0aW9uX3MFNS43NTkCdHMVcHJvZ3Jlc3NpdmVfZW5jb2RpbmdzAA%3D%3D&ccb=1-7&_nc_sid=a06cc9&efg=eyJ2ZW5jb2RlX3RhZyI6Im9lcF9oZCJ9&_nc_eui2=AeE1P1f4vsFPY9P-a-HjsbkzUyNUcGUYr1FTI1RwZRivUbxHweEa23S0LMqVY36f9NzagPj0MQP_8Vht21ealig3&_nc_ohc=O3bCuQoCQ6wAX8YAdrb&_nc_ht=z-p3-video.fcmn1-1.fna&edm=AKK4YLsEAAAA&oh=00_AfA6TN6IteHPdMjsWKpEyjHoUrbtAuORt0j_Ratwjipvmw&oe=64C5377D&_nc_rid=923323163922356'}, 'target': {'id': '5956635924415566', 'url': 'https://www.facebook.com/reel/5956635924415566/'}, 'type': 'video_inline', 'url': 'https://www.facebook.com/reel/5956635924415566/'}]",5,[],0,0,0,124
100391969617030_141173858871475,"🇲🇦💛 Meloui Khli3 chez Janati's 👌

👌 Venez découvrir le délicieux Meloui Khli3 chez Janati's Pâtisserie Artisanale! 🥐👌

Notre Meloui Khli3 est préparé avec soin selon des recettes familiales traditionnelles, il est fait maison avec des ingrédients de qualité supérieure. Notre Meloui Khli3 est un vrai délice pour les papilles. Parfait pour un petit-déjeuner ou une collation gourmande.

Alors, ne tardez plus et venez déguster ou commander notre Meloui Khli3 chez Janati's Pâtisserie Artisanale pour une expérience culinaire authentique et délicieuse. 🇲🇦💛

#Maroc #Harhoura #Rabat #Meloui #Khli3 #Patisserie",2023-03-04T19:00:00+0000,"[{'description': ""🇲🇦💛 Meloui Khli3 chez Janati's 👌\n\n👌 Venez découvrir le délicieux Meloui Khli3 chez Janati's Pâtisserie Artisanale! 🥐👌\n\nNotre Meloui Khli3 est préparé avec soin selon des recettes familiales traditionnelles, il est fait maison avec des ingrédients de qualité supérieure. Notre Meloui Khli3 est un vrai délice pour les papilles. Parfait pour un petit-déjeuner ou une collation gourmande.\n\nAlors, ne tardez plus et venez déguster ou commander notre Meloui Khli3 chez Janati's Pâtisserie Artisanale pour une expérience culinaire authentique et délicieuse. 🇲🇦💛\n\n#Maroc #Harhoura #Rabat #Meloui #Khli3 #Patisserie"", 'media': {'image': {'height': 720, 'src': 'https://z-p3-scontent.fcmn1-4.fna.fbcdn.net/v/t39.30808-6/333124557_577081711036289_8931984721415785701_n.jpg?stp=dst-jpg_p720x720&_nc_cat=110&ccb=1-7&_nc_sid=730e14&_nc_eui2=AeFc-fHZFigONByNpxrTJO7DWIVqmoPV6vRYhWqag9Xq9ISgNPEzC0jpCs3CYpnTGMuMAVOxkCWEHvJcKa6fxv92&_nc_ohc=i-6MPNqAPs4AX-YhHh6&_nc_zt=23&_nc_ht=z-p3-scontent.fcmn1-4.fna&edm=AKK4YLsEAAAA&oh=00_AfBlh9aILlRMhUvIzpCFbbSJPN5yIYQv_PVEacxRHjE4cA&oe=64C8CE4C', 'width': 720}}, 'target': {'id': '141173832204811', 'url': 'https://www.facebook.com/photo.php?fbid=141173832204811&set=a.104595589195969&type=3'}, 'type': 'photo', 'url': 'https://www.facebook.com/photo.php?fbid=141173832204811&set=a.104595589195969&type=3'}]",3,[],0,0,0,124
100391969617030_139456722376522,"🤤 Rghifas Flafelles Janati's! 🌶️

🌶️🥐 Découvrez nos Rgifas Flafelles épicé ! 🤤 Croustillant à l'extérieur et moelleux à l'intérieur, ce délice traditionnel est parfait pour un petit-déjeuner ou une collation gourmande.

👨‍🍳 Nos pâtissiers talentueux préparent chaque Rgifa Flafelle à la main, en utilisant uniquement des ingrédients de qualité supérieure. Vous pouvez vraiment goûter la différence !

#Maroc #Harhoura #Rabat #Flafelles #Poivrons #Patisserie",2023-03-02T19:00:07+0000,"[{'description': ""🤤 Rghifas Flafelles Janati's! 🌶️\n\n🌶️🥐 Découvrez nos Rgifas Flafelles épicé ! 🤤 Croustillant à l'extérieur et moelleux à l'intérieur, ce délice traditionnel est parfait pour un petit-déjeuner ou une collation gourmande.\n\n👨\u200d🍳 Nos pâtissiers talentueux préparent chaque Rgifa Flafelle à la main, en utilisant uniquement des ingrédients de qualité supérieure. Vous pouvez vraiment goûter la différence !\n\n#Maroc #Harhoura #Rabat #Flafelles #Poivrons #Patisserie"", 'media': {'image': {'height': 720, 'src': 'https://z-p3-scontent.fcmn1-2.fna.fbcdn.net/v/t39.30808-6/333218930_1161876221034163_1275683869897251689_n.jpg?stp=dst-jpg_p720x720&_nc_cat=100&ccb=1-7&_nc_sid=730e14&_nc_eui2=AeH90v6Py3DJ8ZCEYCI1PuVgaunG4ckCFXdq6cbhyQIVd8kgJkNPnRg0jyF46PglCwSWHC5JwVtVBd6adbtXyHpH&_nc_ohc=IjPs8DPAjP4AX82LLW0&_nc_zt=23&_nc_ht=z-p3-scontent.fcmn1-2.fna&edm=AKK4YLsEAAAA&oh=00_AfCfmBayozZQjiYLivaianBVp-Z-Fl6WXesdUMUVwdcsBw&oe=64C98C52', 'width': 720}}, 'target': {'id': '139456695709858', 'url': 'https://www.facebook.com/photo.php?fbid=139456695709858&set=a.104595589195969&type=3'}, 'type': 'photo', 'url': 'https://www.facebook.com/photo.php?fbid=139456695709858&set=a.104595589195969&type=3'}]",4,[],0,0,0,124
100391969617030_138699675785560,"Rghifa Olive Janati’s !  🇲🇦💚

Nous sommes heureux de vous proposer notre délicieuse Rghifa Olive ! Préparée avec des ingrédients de première qualité et une touche d'huile d'olive, cette collation est parfaite pour tous les amateurs de cuisine marocaine traditionnelle.

Venez déguster notre Rghifa Olive chez JANATI'S Patisserie Artisanale et laissez-vous emporter par les saveurs authentiques du Maroc. 🇲🇦💚💚💚 

#Maroc #Harhoura #Rabat #Rghifa #Olive #Patisserie",2023-03-01T19:00:04+0000,"[{'description': ""Rghifa Olive Janati’s !  🇲🇦💚\n\nNous sommes heureux de vous proposer notre délicieuse Rghifa Olive ! Préparée avec des ingrédients de première qualité et une touche d'huile d'olive, cette collation est parfaite pour tous les amateurs de cuisine marocaine traditionnelle.\n\nVenez déguster notre Rghifa Olive chez JANATI'S Patisserie Artisanale et laissez-vous emporter par les saveurs authentiques du Maroc. 🇲🇦💚💚💚 \n\n#Maroc #Harhoura #Rabat #Rghifa #Olive #Patisserie"", 'media': {'image': {'height': 720, 'src': 'https://z-p3-scontent.fcmn1-1.fna.fbcdn.net/v/t39.30808-6/333965735_599245734977254_4805065419219398052_n.jpg?stp=dst-jpg_p720x720&_nc_cat=104&ccb=1-7&_nc_sid=730e14&_nc_eui2=AeHAOdGOJ_vOneo3OG5enHqinZqM9GRiRJ-dmoz0ZGJEnzdPUZzMGHS5kTj0Dh6Le0-hwhCLUyedbioMRaOgO4ho&_nc_ohc=BXaBzPCtXNAAX9VzWnc&_nc_zt=23&_nc_ht=z-p3-scontent.fcmn1-1.fna&edm=AKK4YLsEAAAA&oh=00_AfAyw33X3NOf1fH5KbQNwfSRSmiOCoqF4T-I5PtmVKp3bA&oe=64C8DF40', 'width': 720}}, 'target': {'id': '138699652452229', 'url': 'https://www.facebook.com/photo.php?fbid=138699652452229&set=a.104595589195969&type=3'}, 'type': 'photo', 'url': 'https://www.facebook.com/photo.php?fbid=138699652452229&set=a.104595589195969&type=3'}]",4,[],0,0,0,124
100391969617030_137689975886530,"Découvrez nos délicieux produits 🇲🇦💚💛 marocains traditionnels - Rghifa Olive, Rgifa Flafelles et Meloui Khligh  ! Venez les déguster chez Janati's Pâtisserie Artisanale pour une expérience culinaire authentique et délicieuse. 🇲🇦💚💛 #Maroc #Harhoura #Rabat #PatisserieTraditionnelle #DélicesMarocains",2023-02-28T13:00:00+0000,"[{'media': {'image': {'height': 720, 'src': 'https://z-p3-scontent.fcmn1-4.fna.fbcdn.net/v/t15.5256-10/334071554_695400762367244_2899438793812608939_n.jpg?stp=dst-jpg_s720x720&_nc_cat=106&ccb=1-7&_nc_sid=ad6a45&_nc_eui2=AeG6MQQPuTSnziAJ52UccemDj3nZVwgwPBOPedlXCDA8E7oIppxIb4rF7i5j5EeKlUDOmgjrbw2ZiZMfVnpxuTLC&_nc_ohc=gpdaOkkCgLgAX-pq5nR&_nc_ht=z-p3-scontent.fcmn1-4.fna&edm=AKK4YLsEAAAA&oh=00_AfC1uhMCP8OqQYSKN1QLCT-TX4-ulYCjztfR_aWU1adHSQ&oe=64C876CE', 'width': 405}, 'source': 'https://z-p3-video.fcmn1-4.fna.fbcdn.net/v/t39.25447-2/363781715_667745971877898_6598440518393773011_n.mp4?_nc_cat=108&vs=f4a05aa9951a233d&_nc_vs=HBksFQAYJEdGUGVyaFVLT0hTNVQxOENBTk83WndLeFhwSmJibWRqQUFBRhUAAsgBABUAGCRHRVB0MkJPa1htcGN1YzRCQUZDb2N3bU1RN0VHYnY0R0FBQUYVAgLIAQBLB4gScHJvZ3Jlc3NpdmVfcmVjaXBlATENc3Vic2FtcGxlX2ZwcwAQdm1hZl9lbmFibGVfbnN1YgAgbWVhc3VyZV9vcmlnaW5hbF9yZXNvbHV0aW9uX3NzaW0AKGNvbXB1dGVfc3NpbV9vbmx5X2F0X29yaWdpbmFsX3Jlc29sdXRpb24AHXVzZV9sYW5jem9zX2Zvcl92cW1fdXBzY2FsaW5nABFkaXNhYmxlX3Bvc3RfcHZxcwAVACUAHIwXQAAAAAAAAAAREQAAACa4hKmfhfboCxUCKAJDMxgLdnRzX3ByZXZpZXccF0AiIcrAgxJvGCFkYXNoX2dlbjJod2Jhc2ljX2hxMl9mcmFnXzJfdmlkZW8SABgYdmlkZW9zLnZ0cy5jYWxsYmFjay5wcm9kOBJWSURFT19WSUVXX1JFUVVFU1QbCogVb2VtX3RhcmdldF9lbmNvZGVfdGFnBm9lcF9oZBNvZW1fcmVxdWVzdF90aW1lX21zATAMb2VtX2NmZ19ydWxlB3VubXV0ZWQTb2VtX3JvaV9yZWFjaF9jb3VudAMxMzARb2VtX2lzX2V4cGVyaW1lbnQADG9lbV92aWRlb19pZA81OTQxMjUzNDkyODk1NjASb2VtX3ZpZGVvX2Fzc2V0X2lkEDExNjU5NTU2OTA3NzgxMjcVb2VtX3ZpZGVvX3Jlc291cmNlX2lkEDMzMjY5NTEwOTA4ODg5ODgcb2VtX3NvdXJjZV92aWRlb19lbmNvZGluZ19pZA83Nzc1MzE3NzA4MjM2OTYOdnRzX3JlcXVlc3RfaWQAJQIcACXEARsHiAFzBDQ3MzACY2QKMjAyMy0wMi0yOANyY2IDMTAwA2FwcAZWaWTDqW8CY3QORkJfU0hPUlRTX1BPU1QTb3JpZ2luYWxfZHVyYXRpb25fcwU5LjEwNwJ0cxVwcm9ncmVzc2l2ZV9lbmNvZGluZ3MA&ccb=1-7&_nc_sid=a06cc9&efg=eyJ2ZW5jb2RlX3RhZyI6Im9lcF9oZCJ9&_nc_eui2=AeEqGscyZW1p_V1dHsWXaeD0fOBuM1pyQ5x84G4zWnJDnOvvCrUgTdlumHB8uXNUv5PIFhcCQMUdOvLiGyDqOykW&_nc_ohc=5mpfZaKGK3QAX_heqv1&_nc_ht=z-p3-video.fcmn1-4.fna&edm=AKK4YLsEAAAA&oh=00_AfB4UaJa6F4MM43f6dBg5rUxgv8gpoXAHwp0IX1JTlyDlg&oe=64C984F9&_nc_rid=998061419047689'}, 'target': {'id': '594125349289560', 'url': 'https://www.facebook.com/reel/594125349289560/'}, 'type': 'video_inline', 'url': 'https://www.facebook.com/reel/594125349289560/'}]",10,[],0,0,0,124
100391969617030_137132945942233,"Attention, amateurs de chocolat! Le cake au chocolat JANATI’S est addictif 🍫🍰 - Notre cake au chocolat est un pur délice qui ne vous laissera pas indifférent.

Alors, qu'attendez-vous? Faites passer le mot et offrez-vous (ou offrez à quelqu'un) un moment de pur bonheur chocolaté. 🎉

Commandez maintenant et nous vous promettons une expérience culinaire inoubliable. 🤤

#cakeauchocolat #chocolat #patisserie #JANATIS #maroc #rabat #harhoura",2023-02-27T19:00:06+0000,"[{'description': ""Attention, amateurs de chocolat! Le cake au chocolat JANATI’S est addictif 🍫🍰 - Notre cake au chocolat est un pur délice qui ne vous laissera pas indifférent.\n\nAlors, qu'attendez-vous? Faites passer le mot et offrez-vous (ou offrez à quelqu'un) un moment de pur bonheur chocolaté. 🎉\n\nCommandez maintenant et nous vous promettons une expérience culinaire inoubliable. 🤤\n\n#cakeauchocolat #chocolat #patisserie #JANATIS #maroc #rabat #harhoura"", 'media': {'image': {'height': 720, 'src': 'https://z-p3-scontent.fcmn1-1.fna.fbcdn.net/v/t39.30808-6/332009613_850320429995254_998868534015810197_n.jpg?stp=dst-jpg_p720x720&_nc_cat=104&ccb=1-7&_nc_sid=730e14&_nc_eui2=AeG_JbvCn7wMXeSMIAhVThP06D07uJ0upxDoPTu4nS6nEOZQyBcHyWfSXPJirbRK022qh1QYHfMe8LnU_IDpOE81&_nc_ohc=-Cuqzjt2DiUAX9HEVAO&_nc_zt=23&_nc_ht=z-p3-scontent.fcmn1-1.fna&edm=AKK4YLsEAAAA&oh=00_AfBTrCeRAgkaywVSqAfkS0M0NfFOfenVptgmjRQlhX-udQ&oe=64C8E0B5', 'width': 720}}, 'target': {'id': '137132932608901', 'url': 'https://www.facebook.com/photo.php?fbid=137132932608901&set=a.104595589195969&type=3'}, 'type': 'photo', 'url': 'https://www.facebook.com/photo.php?fbid=137132932608901&set=a.104595589195969&type=3'}]",4,[],0,0,0,124
100391969617030_135633972758797,"🍯🧡  Plongez dans la délicieuse gourmandise des Chebakias croustillantes et dorées, sublimées par le miel de Janati's Pâtisserie. Un véritable enchantement pour les papilles ! 🍯🧡 

#Janatis #chebakia #DouceursMarocaines #maroc #rabat #harhoura",2023-02-25T13:00:05+0000,"[{'description': ""🍯🧡  Plongez dans la délicieuse gourmandise des Chebakias croustillantes et dorées, sublimées par le miel de Janati's Pâtisserie. Un véritable enchantement pour les papilles ! 🍯🧡 \n\n#Janatis #chebakia #DouceursMarocaines #maroc #rabat #harhoura"", 'media': {'image': {'height': 720, 'src': 'https://z-p3-scontent.fcmn1-4.fna.fbcdn.net/v/t39.30808-6/332644911_728099959034206_3751174055814712205_n.jpg?stp=dst-jpg_p720x720&_nc_cat=106&ccb=1-7&_nc_sid=730e14&_nc_eui2=AeEjX2YCUTUPrHOEyRO1RoYSLkUNkRR0njcuRQ2RFHSeN8SrkHB9DBk2wXTN8bqVqnF7m0ofhWDSzLcQ_1x7Oisz&_nc_ohc=GSrUC8USIvcAX92psJR&_nc_zt=23&_nc_ht=z-p3-scontent.fcmn1-4.fna&edm=AKK4YLsEAAAA&oh=00_AfBeCBzTJbI5YcVOVSob6tvKKG2OrKJAB5Sg5ElyrmmdSQ&oe=64C98227', 'width': 720}}, 'target': {'id': '135633942758800', 'url': 'https://www.facebook.com/photo.php?fbid=135633942758800&set=a.104595589195969&type=3'}, 'type': 'photo', 'url': 'https://www.facebook.com/photo.php?fbid=135633942758800&set=a.104595589195969&type=3'}]",13,[],0,0,0,124
100391969617030_134308452891349,😍🍩🍫 Venez déguster ces délices chez Janati's  Patisserie Artisanale ! #Maroc #Harhoura #Rabat #Patisserie #Délices,2023-02-23T15:38:10+0000,"[{'media': {'image': {'height': 720, 'src': 'https://z-p3-scontent.fcmn1-4.fna.fbcdn.net/v/t15.5256-10/331364471_141245525207007_7869094270792559943_n.jpg?stp=dst-jpg_s720x720&_nc_cat=106&ccb=1-7&_nc_sid=ad6a45&_nc_eui2=AeFralEeDLVt_w-HHI5kHzEa9N-AFHxJU4j034AUfElTiBeufTAm-uckBYJhJPV54PTG077Z6AqBUDXMOMTCp89U&_nc_ohc=lIoyZjQtdBkAX_eSXvg&_nc_ht=z-p3-scontent.fcmn1-4.fna&edm=AKK4YLsEAAAA&oh=00_AfDFTsNdT7Eae48gxFYNj2-VDHYrmX-gtifFNfrXwBumMw&oe=64C8CF0B', 'width': 405}}, 'target': {'id': '1010197296624749', 'url': 'https://www.facebook.com/reel/1010197296624749/'}, 'type': 'video_inline', 'url': 'https://www.facebook.com/reel/1010197296624749/'}]",7,[],0,0,0,124
100391969617030_133874066268121,"🍵 Chaque jeudi et dimanche, dégustez notre Harira authentique chez JANATI'S ! 🤤
Riche en saveurs épicées et parfaitement satisfaisante pour un déjeuner ou un dîner délicieux. 🌟
Venez nous voir pour une pause gourmande et laissez-nous vous montrer pourquoi notre Harira est un favori de nos clients fidèles. 🙌

#harira #janatis #rabat #harhoura #maroc",2023-02-22T19:00:04+0000,"[{'description': ""🍵 Chaque jeudi et dimanche, dégustez notre Harira authentique chez JANATI'S ! 🤤\nRiche en saveurs épicées et parfaitement satisfaisante pour un déjeuner ou un dîner délicieux. 🌟\nVenez nous voir pour une pause gourmande et laissez-nous vous montrer pourquoi notre Harira est un favori de nos clients fidèles. 🙌\n\n#harira #janatis #rabat #harhoura #maroc"", 'media': {'image': {'height': 720, 'src': 'https://z-p3-scontent.fcmn1-4.fna.fbcdn.net/v/t39.30808-6/332754833_924504955394925_7579478229667457212_n.jpg?stp=dst-jpg_p720x720&_nc_cat=108&ccb=1-7&_nc_sid=730e14&_nc_eui2=AeGmPgajFXroG9DoGVdchDVAxGVMfqv1Z0LEZUx-q_VnQhZxHrShZp4YDUvkfulZN1Aq3uRorjglBIgYbldu8H7n&_nc_ohc=EAl_MheXlxIAX-39SFu&_nc_zt=23&_nc_ht=z-p3-scontent.fcmn1-4.fna&edm=AKK4YLsEAAAA&oh=00_AfC3AYW_2aDrEQb5t-wNNglKXeWDLfsaTswhWFxiyC7AkQ&oe=64C85658', 'width': 720}}, 'target': {'id': '133874049601456', 'url': 'https://www.facebook.com/photo.php?fbid=133874049601456&set=a.104595589195969&type=3'}, 'type': 'photo', 'url': 'https://www.facebook.com/photo.php?fbid=133874049601456&set=a.104595589195969&type=3'}]",6,[],1,0,0,124
100391969617030_133380676317460,"🧁 Découvrez les délicieuses cornes de gazelle de JANATI'S 🧁

📍 La pâtisserie artisanale par excellence ! Nos cornes de gazelle sont préparées avec des ingrédients de qualité supérieure et fourrées d'une délicieuse pâte d'amandes parfumée à l'eau de fleur d'oranger. 🌸 Commandez dès maintenant chez JANATI'S pâtisserie artisanale et ajoutez une touche sucrée à votre journée ! 

#cornesdegazelle #patisserieartisanale #JANATI'S #marocainfood #gourmandise #maroc #rabat #harhoura",2023-02-21T19:00:04+0000,"[{'description': ""🧁 Découvrez les délicieuses cornes de gazelle de JANATI'S 🧁\n\n📍 La pâtisserie artisanale par excellence ! Nos cornes de gazelle sont préparées avec des ingrédients de qualité supérieure et fourrées d'une délicieuse pâte d'amandes parfumée à l'eau de fleur d'oranger. 🌸 Commandez dès maintenant chez JANATI'S pâtisserie artisanale et ajoutez une touche sucrée à votre journée ! \n\n#cornesdegazelle #patisserieartisanale #JANATI'S #marocainfood #gourmandise #maroc #rabat #harhoura"", 'media': {'image': {'height': 720, 'src': 'https://z-p3-scontent.fcmn1-2.fna.fbcdn.net/v/t39.30808-6/332574139_747284980434588_3786305723596314357_n.jpg?stp=dst-jpg_p720x720&_nc_cat=100&ccb=1-7&_nc_sid=730e14&_nc_eui2=AeHPTJtqVRCb8Kub8QgzGNfxqEwkSbiI4b6oTCRJuIjhvuEzlEm228w7oOcTQdLUTScTB3K2fqFcYr_Fwry5lBtN&_nc_ohc=YmeglKkaDmcAX-8mxkk&_nc_zt=23&_nc_ht=z-p3-scontent.fcmn1-2.fna&edm=AKK4YLsEAAAA&oh=00_AfArdMO3PmRFeJ_9lTxTQyi2NnBz8JZwWh90D_XMX7uTAw&oe=64C8627B', 'width': 720}}, 'target': {'id': '133380662984128', 'url': 'https://www.facebook.com/photo.php?fbid=133380662984128&set=a.104595589195969&type=3'}, 'type': 'photo', 'url': 'https://www.facebook.com/photo.php?fbid=133380662984128&set=a.104595589195969&type=3'}]",5,[],0,0,0,124
100391969617030_131959376459590,"Découvrez le goût exquis de notre Sellou Prestige chez JANATI'S  ! 🧁👌

Notre Sellou Prestige est une véritable expérience gustative, une délicieuse spécialité marocaine traditionnelle qui ravira vos papilles à coup sûr. Fait à partir d'ingrédients de première qualité, notre Sellou Prestige est préparé avec soin selon des recettes familiales transmises de génération en génération.

Alors n'hésitez plus, venez déguster notre Sellou Prestige chez JANATI'S Pâtisserie Artisanale et laissez votre palais vous emmener en voyage à travers les saveurs délicieuses de notre cher Maroc. 🇲🇦💛
#marocaine #rabat #Harhoura",2023-02-18T19:00:04+0000,"[{'description': ""Découvrez le goût exquis de notre Sellou Prestige chez JANATI'S  ! 🧁👌\n\nNotre Sellou Prestige est une véritable expérience gustative, une délicieuse spécialité marocaine traditionnelle qui ravira vos papilles à coup sûr. Fait à partir d'ingrédients de première qualité, notre Sellou Prestige est préparé avec soin selon des recettes familiales transmises de génération en génération.\n\nAlors n'hésitez plus, venez déguster notre Sellou Prestige chez JANATI'S Pâtisserie Artisanale et laissez votre palais vous emmener en voyage à travers les saveurs délicieuses de notre cher Maroc. 🇲🇦💛\n#marocaine #rabat #Harhoura"", 'media': {'image': {'height': 720, 'src': 'https://z-p3-scontent.fcmn1-1.fna.fbcdn.net/v/t39.30808-6/332081643_1033137780851355_7683681830786106640_n.jpg?stp=dst-jpg_p720x720&_nc_cat=109&ccb=1-7&_nc_sid=730e14&_nc_eui2=AeHQQcBPm3eXuvamYG0DwBx-FWmSpUzmoPEVaZKlTOag8cJ40Zdq7aAzbu7woKVJ4XYyVPVN0P1n0EAwGNdOBR0i&_nc_ohc=8vR7DXfsZBQAX8y5zZo&_nc_zt=23&_nc_ht=z-p3-scontent.fcmn1-1.fna&edm=AKK4YLsEAAAA&oh=00_AfAgc5hFfbr71sxD5I3W7KefqkD6kfPFPW7MMXfUvB5Fzg&oe=64C7DF80', 'width': 720}}, 'target': {'id': '131959359792925', 'url': 'https://www.facebook.com/photo.php?fbid=131959359792925&set=a.104595589195969&type=3'}, 'type': 'photo', 'url': 'https://www.facebook.com/photo.php?fbid=131959359792925&set=a.104595589195969&type=3'}]",11,[],0,0,0,124
100391969617030_131053719883489,"JANATI'S - Découvrez Nos Briouates amandes miel ! 🤩 Ces petits délices sucrés sont remplis d'un mélange de pâte d'amande, de miel et d'épices marocaines pour une explosion de saveurs dans chaque bouchée. 😋 😍🍯🥐 #JANATIS #patisserie #briouates #amandes #miel #rabat #harhoura",2023-02-16T19:00:11+0000,"[{'description': ""JANATI'S - Découvrez Nos Briouates amandes miel ! 🤩 Ces petits délices sucrés sont remplis d'un mélange de pâte d'amande, de miel et d'épices marocaines pour une explosion de saveurs dans chaque bouchée. 😋 😍🍯🥐 #JANATIS #patisserie #briouates #amandes #miel #rabat #harhoura"", 'media': {'image': {'height': 720, 'src': 'https://z-p3-scontent.fcmn1-3.fna.fbcdn.net/v/t39.30808-6/331715548_936493540843720_4487928688611464252_n.jpg?stp=dst-jpg_p720x720&_nc_cat=111&ccb=1-7&_nc_sid=730e14&_nc_eui2=AeF5tivITSvTD3f5h1V9Ej-99O8xkjhzIaH07zGSOHMhobLNsIm2DxB7wQoZ7_aIYC8hjBZmnqryo9Y_sXEkmvwd&_nc_ohc=IjifQK6w4Z0AX8v262_&_nc_zt=23&_nc_ht=z-p3-scontent.fcmn1-3.fna&edm=AKK4YLsEAAAA&oh=00_AfCGtLkNiGvzQQ6V7qrxxrXKQLUnTbhJ2spPvChg3LYHKg&oe=64C83FBF', 'width': 720}}, 'target': {'id': '131053699883491', 'url': 'https://www.facebook.com/photo.php?fbid=131053699883491&set=a.104595589195969&type=3'}, 'type': 'photo', 'url': 'https://www.facebook.com/photo.php?fbid=131053699883491&set=a.104595589195969&type=3'}]",5,[],1,0,0,124
100391969617030_129493650039496,"💕🎂 Chez JANATI'S pâtisserie artisanale, nous voulons que vous vous sentiez aimés et choyés tous les jours de l'année. C'est pourquoi nous avons créé ces délicieux sablés coeur artisanaux. Laissez-les vous charmer avec leur texture fondante et leur saveur irrésistible. Venez les déguster chez nous ou commandez-les et sentez l'amour dans chaque bouchée! 💖""",2023-02-13T16:00:06+0000,"[{'description': '💕🎂 Chez JANATI\'S pâtisserie artisanale, nous voulons que vous vous sentiez aimés et choyés tous les jours de l\'année. C\'est pourquoi nous avons créé ces délicieux sablés coeur artisanaux. Laissez-les vous charmer avec leur texture fondante et leur saveur irrésistible. Venez les déguster chez nous ou commandez-les et sentez l\'amour dans chaque bouchée! 💖""', 'media': {'image': {'height': 720, 'src': 'https://z-p3-scontent.fcmn1-4.fna.fbcdn.net/v/t39.30808-6/330956413_1383590979057479_4008595561413706288_n.jpg?stp=dst-jpg_p720x720&_nc_cat=110&ccb=1-7&_nc_sid=730e14&_nc_eui2=AeGk9-ZOmtr2IGayJl2M8pjBeoZ_3u5-k4x6hn_e7n6TjAXcAx5777k-E-oLnW8GiorRQQjAsEwVsU8LDAFii4B4&_nc_ohc=Ar56agtATfYAX8vCwLu&_nc_zt=23&_nc_ht=z-p3-scontent.fcmn1-4.fna&edm=AKK4YLsEAAAA&oh=00_AfCspNhPiYWWyhf0Sh5E9wJFtEzEdaFt3BgmR-Q-baB3sA&oe=64C7F171', 'width': 720}}, 'target': {'id': '129493623372832', 'url': 'https://www.facebook.com/photo.php?fbid=129493623372832&set=a.104595589195969&type=3'}, 'type': 'photo', 'url': 'https://www.facebook.com/photo.php?fbid=129493623372832&set=a.104595589195969&type=3'}]",6,[],0,0,0,124
100391969617030_127558800232981,"Chez Janati’s, nous aimons les amandes et nous les utilisons dans de nombreuses de nos délicieuses recettes. Mais saviez-vous que les amandes sont également très bénéfiques pour votre santé ? Voici les 5 raisons pour lesquelles vous devriez inclure plus d'amandes dans votre alimentation :

1. Riches en nutriments : Les amandes sont riches en protéines, en graisses saines, en fibres, en vitamines et en minéraux.
2. Améliorent la santé cardiovasculaire : Les graisses monoinsaturées et les antioxydants présents dans les amandes peuvent aider à réduire le risque de maladies cardiovasculaires.
3. Soutiennent la perte de poids : Les amandes peuvent aider à contrôler les fringales et à maintenir un poids santé en fournissant une source de protéines et de graisses saines.
4. Améliorent la santé cérébrale : Les amandes sont riches en vitamines B et en acides gras oméga-3, qui peuvent aider à améliorer la santé cérébrale et la mémoire.
5. Protègent la peau : Les antioxydants et les vitamines dans les amandes peuvent aider à protéger votre peau contre les dommages causés par les radicaux libres et à améliorer son aspect général.

Venez chez Janati’s Patisserie Artisanale pour déguster nos délicieuses recettes à base d'amandes ! #Maroc #Harhoura #Rabat #Amandes #Santé",2023-02-09T14:47:27+0000,"[{'description': ""Chez Janati’s, nous aimons les amandes et nous les utilisons dans de nombreuses de nos délicieuses recettes. Mais saviez-vous que les amandes sont également très bénéfiques pour votre santé ? Voici les 5 raisons pour lesquelles vous devriez inclure plus d'amandes dans votre alimentation :\n\n1. Riches en nutriments : Les amandes sont riches en protéines, en graisses saines, en fibres, en vitamines et en minéraux.\n2. Améliorent la santé cardiovasculaire : Les graisses monoinsaturées et les antioxydants présents dans les amandes peuvent aider à réduire le risque de maladies cardiovasculaires.\n3. Soutiennent la perte de poids : Les amandes peuvent aider à contrôler les fringales et à maintenir un poids santé en fournissant une source de protéines et de graisses saines.\n4. Améliorent la santé cérébrale : Les amandes sont riches en vitamines B et en acides gras oméga-3, qui peuvent aider à améliorer la santé cérébrale et la mémoire.\n5. Protègent la peau : Les antioxydants et les vitamines dans les amandes peuvent aider à protéger votre peau contre les dommages causés par les radicaux libres et à améliorer son aspect général.\n\nVenez chez Janati’s Patisserie Artisanale pour déguster nos délicieuses recettes à base d'amandes ! #Maroc #Harhoura #Rabat #Amandes #Santé"", 'media': {'image': {'height': 720, 'src': 'https://z-p3-scontent.fcmn1-3.fna.fbcdn.net/v/t39.30808-6/328745237_1145650499478324_2271942121828323461_n.jpg?stp=dst-jpg_p720x720&_nc_cat=111&ccb=1-7&_nc_sid=730e14&_nc_eui2=AeH8nuKimJd0ZwpkImBcjhJJFDNZYQsO6NgUM1lhCw7o2KOMMDfoqpboR7K9V5q8QUc0d899tYYDnUXsWH4Wt-9T&_nc_ohc=zhhyR89m4oMAX-i2vOu&_nc_zt=23&_nc_ht=z-p3-scontent.fcmn1-3.fna&edm=AKK4YLsEAAAA&oh=00_AfDlPgL50qnDjVn9xm9tQbNhM5ftmGIngiif1hP7LZKq5Q&oe=64C8FC8A', 'width': 1280}}, 'target': {'id': '127558093566385', 'url': 'https://www.facebook.com/photo.php?fbid=127558093566385&set=a.104595589195969&type=3'}, 'type': 'photo', 'url': 'https://www.facebook.com/photo.php?fbid=127558093566385&set=a.104595589195969&type=3'}]",5,[],0,0,0,124
100391969617030_124245243897670,"Bienvenu chez JANATI'S, Imane Kachmouni",2023-02-03T14:08:02+0000,"[{'media': {'image': {'height': 720, 'src': 'https://z-p3-scontent.fcmn1-1.fna.fbcdn.net/v/t15.5256-10/328934946_1305763313313962_1848902766198322025_n.jpg?stp=dst-jpg_s720x720&_nc_cat=107&ccb=1-7&_nc_sid=ad6a45&_nc_eui2=AeG4IqHN68T6CTyG4oOu5kdCJmq7Bq3Yvp8marsGrdi-n7t5J87FAvBnRDM6feTmeENibBAEXJuGODgC4v3uBMMZ&_nc_ohc=w_RByyLE-s4AX-1L4Bc&_nc_ht=z-p3-scontent.fcmn1-1.fna&edm=AKK4YLsEAAAA&oh=00_AfAlPlQRqxr5UGfidPQEQ7gEtPHaF4yJfjyOsitgsslwLw&oe=64C80E4E', 'width': 405}}, 'target': {'id': '3235188186745541', 'url': 'https://www.facebook.com/reel/3235188186745541/'}, 'type': 'video_inline', 'url': 'https://www.facebook.com/reel/3235188186745541/'}]",4,[],1,0,0,124
100391969617030_123920747263453,"Bonjour à tous ! Chez Janati's, nous sommes fiers de vous proposer chaque jeudi et dimanche notre délicieuse #Harira. faite avec soin, idéale pour vous réchauffer en cette saison froide. Commandez dès maintenant en nous contactant sur notre numéro WhatsApp 06 600 23 403, vous ne serez pas déçus ! #harhoura #rabat #maroc",2023-02-02T21:36:49+0000,"[{'media': {'image': {'height': 720, 'src': 'https://z-p3-scontent.fcmn1-1.fna.fbcdn.net/v/t15.5256-10/328905430_1354153822008823_438228576433083996_n.jpg?stp=dst-jpg_s720x720&_nc_cat=102&ccb=1-7&_nc_sid=ad6a45&_nc_eui2=AeEBdwq0X9ad33X9ns4U5JrikdNTpTD2ViSR01OlMPZWJBscTGgI2SIoJh6BNl9jcGDXatxE0MPGds5LRJYfMH_n&_nc_ohc=jeR7JSEiKFUAX_RGUHp&_nc_ht=z-p3-scontent.fcmn1-1.fna&edm=AKK4YLsEAAAA&oh=00_AfBxQzwBxUr2sC_pkNaCxSQJHACVRp4Z9QV_700um6PnnQ&oe=64C8C265', 'width': 405}}, 'target': {'id': '533483375427045', 'url': 'https://www.facebook.com/reel/533483375427045/'}, 'type': 'video_inline', 'url': 'https://www.facebook.com/reel/533483375427045/'}]",3,[],0,0,0,124
100391969617030_120981534224041,"Vous cherchez un accompagnement parfait pour notre délicieuse HARIRA?  😋
La Chebakia est la réponse! Faite à partir de graines de sésame, d'amande et d'épices savoureuses, notre spécialité est l'incontournable choix. 

Nous répétons chaque jour notre recette traditionnelle pour vous offrir un produit ultra frais et délicieux. Commandez dès maintenant en nous contactant sur notre 
numéro WhatsApp 06 600 23 403 📞
et découvrez pourquoi la Chebakia est l'un de nos produits phares. #Chebakia #Hariara #Harhoura  #rabat  #maroc """,2023-01-28T12:01:27+0000,"[{'description': 'Vous cherchez un accompagnement parfait pour notre délicieuse HARIRA?  😋\nLa Chebakia est la réponse! Faite à partir de graines de sésame, d\'amande et d\'épices savoureuses, notre spécialité est l\'incontournable choix. \n\nNous répétons chaque jour notre recette traditionnelle pour vous offrir un produit ultra frais et délicieux. Commandez dès maintenant en nous contactant sur notre \nnuméro WhatsApp 06 600 23 403 📞\net découvrez pourquoi la Chebakia est l\'un de nos produits phares. #Chebakia #Hariara #Harhoura  #rabat  #maroc ""', 'media': {'image': {'height': 722, 'src': 'https://z-p3-scontent.fcmn1-4.fna.fbcdn.net/v/t39.30808-6/326970834_2397432420406978_1982146412218738954_n.jpg?stp=dst-jpg_p720x720&_nc_cat=106&ccb=1-7&_nc_sid=730e14&_nc_eui2=AeF5TNz7kcSUvMJOZvZtoqqC2qGdKXz8Or3aoZ0pfPw6vcpYWWpRt9lGHZv5IRpEPWItLk5OrZufpBIJDmSBEk9R&_nc_ohc=saOvjygkfh8AX-weVCH&_nc_zt=23&_nc_ht=z-p3-scontent.fcmn1-4.fna&edm=AKK4YLsEAAAA&oh=00_AfCIUP60mn2X2MfZP13UcACOQZjQhzlNDkNp070ln4Efkg&oe=64C7DCE6', 'width': 720}}, 'target': {'id': '120943527561175', 'url': 'https://www.facebook.com/photo.php?fbid=120943527561175&set=a.104595589195969&type=3'}, 'type': 'photo', 'url': 'https://www.facebook.com/photo.php?fbid=120943527561175&set=a.104595589195969&type=3'}]",4,[],0,0,0,124
100391969617030_117458147909713,"❤️ Bonjour à tous ! Chez Janati's, nous sommes fiers de vous proposer chaque jeudi et dimanche notre délicieuse Harira. faite avec soin, idéale pour vous réchauffer en cette saison froide. Commandez dès maintenant en nous contactant sur notre numéro WhatsApp 06 600 23 403, vous ne serez pas déçus ! Made With L❤️ve
#harira #janatis #harhoura #Temara #rabat",2023-01-24T14:08:52+0000,"[{'description': ""❤️ Bonjour à tous ! Chez Janati's, nous sommes fiers de vous proposer chaque jeudi et dimanche notre délicieuse Harira. faite avec soin, idéale pour vous réchauffer en cette saison froide. Commandez dès maintenant en nous contactant sur notre numéro WhatsApp 06 600 23 403, vous ne serez pas déçus ! Made With L❤️ve\n#harira #janatis #harhoura #Temara #rabat"", 'media': {'image': {'height': 720, 'src': 'https://z-p3-scontent.fcmn1-4.fna.fbcdn.net/v/t39.30808-6/327264049_556816506381661_2280417793678097730_n.jpg?stp=dst-jpg_p720x720&_nc_cat=108&ccb=1-7&_nc_sid=730e14&_nc_eui2=AeEcyKoXicMPQYEJJs_u467pyzFFjwRRtgrLMUWPBFG2CvlZDKsVd-DnPtMdbXpctHFj8lDpyq53Mslqfs-pxnFU&_nc_ohc=UAoQmG2EHvwAX8Wz-P_&_nc_oc=AQntAFQtZdnMQe4IZj0xSlA8xXWlL5k-1jN3vrUPpmq0195K2zpr_izUhRdby6gAF-8&_nc_zt=23&_nc_ht=z-p3-scontent.fcmn1-4.fna&edm=AKK4YLsEAAAA&oh=00_AfBfg4IATPJaxd7fdKVnfnrNUi9PA6_PD8XL6QuxLv7lMQ&oe=64C839F3', 'width': 720}}, 'target': {'id': '117454131243448', 'url': 'https://www.facebook.com/photo.php?fbid=117454131243448&set=a.104595589195969&type=3'}, 'type': 'photo', 'url': 'https://www.facebook.com/photo.php?fbid=117454131243448&set=a.104595589195969&type=3'}]",4,[],1,0,0,124
100391969617030_114457791543082,"😋😋 Régalez vos invités avec nos plats #marocains authentiques! Commandez notre Bastilla et notre tajine de veau spécial pour une soirée mémorable. Faites votre commande maintenant et faites de votre prochaine réception un succès.
Info & Commande Whatsapp 📞 06 600 23 403 
"" #Bastilla #Tajine #PlatsMarocains #soiréeréussie😀🎉😊  #Harhoura #Temara #Rabat",2023-01-21T09:48:12+0000,"[{'media': {'image': {'height': 720, 'src': 'https://z-p3-scontent.fcmn1-1.fna.fbcdn.net/v/t39.30808-6/326636478_904231287665273_2042642315229104824_n.jpg?stp=dst-jpg_p720x720&_nc_cat=107&ccb=1-7&_nc_sid=730e14&_nc_eui2=AeGHEUixtleJyBy-IsHGQ70947iXpia4UzbjuJemJrhTNvFEABfAlcP5zENAyeMxFv6pvqhOPE8jqqqInXxgGazl&_nc_ohc=vevh_W-L3QYAX9ohBS4&_nc_zt=23&_nc_ht=z-p3-scontent.fcmn1-1.fna&edm=AKK4YLsEAAAA&oh=00_AfBLUsoDGm1dM8fVzUei-9yfgJBSfY5D01BZPPhmDkoT5g&oe=64C8ED36', 'width': 720}}, 'subattachments': {'data': [{'media': {'image': {'height': 720, 'src': 'https://z-p3-scontent.fcmn1-1.fna.fbcdn.net/v/t39.30808-6/326636478_904231287665273_2042642315229104824_n.jpg?stp=dst-jpg_p720x720&_nc_cat=107&ccb=1-7&_nc_sid=730e14&_nc_eui2=AeGHEUixtleJyBy-IsHGQ70947iXpia4UzbjuJemJrhTNvFEABfAlcP5zENAyeMxFv6pvqhOPE8jqqqInXxgGazl&_nc_ohc=vevh_W-L3QYAX9ohBS4&_nc_zt=23&_nc_ht=z-p3-scontent.fcmn1-1.fna&edm=AKK4YLsEAAAA&oh=00_AfBLUsoDGm1dM8fVzUei-9yfgJBSfY5D01BZPPhmDkoT5g&oe=64C8ED36', 'width': 720}}, 'target': {'id': '114450564877138', 'url': 'https://www.facebook.com/photo.php?fbid=114450564877138&set=a.104595589195969&type=3'}, 'type': 'photo', 'url': 'https://www.facebook.com/photo.php?fbid=114450564877138&set=a.104595589195969&type=3'}, {'media': {'image': {'height': 720, 'src': 'https://z-p3-scontent.fcmn1-4.fna.fbcdn.net/v/t39.30808-6/326598290_1555088408321286_6403958504560786565_n.jpg?stp=dst-jpg_p720x720&_nc_cat=106&ccb=1-7&_nc_sid=730e14&_nc_eui2=AeEFUFQvaFXZS82iQOUr9BJqYtcHjzMLZDFi1wePMwtkMZnZZvQkRvY6ujt4vEXSjic7KgirEXqFkqj4ivW3i4FO&_nc_ohc=uPZT_gluhJMAX8RlhLf&_nc_zt=23&_nc_ht=z-p3-scontent.fcmn1-4.fna&edm=AKK4YLsEAAAA&oh=00_AfB6fWZKOW4zMejMlvi6RjM4cfDGsutsGZgqtdMywRtsGQ&oe=64C9B241', 'width': 720}}, 'target': {'id': '114450621543799', 'url': 'https://www.facebook.com/photo.php?fbid=114450621543799&set=a.104595589195969&type=3'}, 'type': 'photo', 'url': 'https://www.facebook.com/photo.php?fbid=114450621543799&set=a.104595589195969&type=3'}]}, 'target': {'id': '114457791543082', 'url': 'https://www.facebook.com/245871311735062/posts/114457791543082'}, 'title': ""Photos de la publication de Janati's"", 'type': 'album', 'url': 'https://www.facebook.com/245871311735062/posts/114457791543082'}]",6,[],1,0,0,124
100391969617030_113081805014014,,2023-01-19T20:06:05+0000,"[{'media': {'image': {'height': 720, 'src': 'https://z-p3-scontent.fcmn1-4.fna.fbcdn.net/v/t15.5256-10/325609052_1831651437234330_1867396464708692381_n.jpg?stp=dst-jpg_s720x720&_nc_cat=108&ccb=1-7&_nc_sid=ad6a45&_nc_eui2=AeHj2yM62fUcqht8CgzMRIs9gbSvCUnYKYiBtK8JSdgpiGPUBhPrXhDXDikLSuKtB_rxyfTvS2UI95kAmxAK8e3P&_nc_ohc=cS4aMyAVijMAX9OxOY0&_nc_ht=z-p3-scontent.fcmn1-4.fna&edm=AKK4YLsEAAAA&oh=00_AfDa3g_oXPkV3U9y3Qx6zEvHsJ63XCCzJpp5AASA9U0b4Q&oe=64C89A2F', 'width': 405}}, 'target': {'id': '616523123526382', 'url': 'https://www.facebook.com/reel/616523123526382/'}, 'type': 'video_inline', 'url': 'https://www.facebook.com/reel/616523123526382/'}]",4,[],0,0,0,124
100391969617030_110912581897603,"Quel est votre préférence entre le  #PetitPain ou le #Croissant? Faites-nous savoir dans les commentaires! Commandez dès maintenant sur WhatsApp en cliquant sur le lien dans notre bio et faites-vous livrer à #Harhoura, #Temara ou #Rabat.
Cordialement 
Janati's",2023-01-17T12:47:44+0000,"[{'description': ""Quel est votre préférence entre le  #PetitPain ou le #Croissant? Faites-nous savoir dans les commentaires! Commandez dès maintenant sur WhatsApp en cliquant sur le lien dans notre bio et faites-vous livrer à #Harhoura, #Temara ou #Rabat.\nCordialement \nJanati's"", 'description_tags': [{'id': '6074818159231638', 'length': 8, 'name': ""Janati's"", 'offset': 252, 'type': 'user'}], 'media': {'image': {'height': 720, 'src': 'https://z-p3-scontent.fcmn1-1.fna.fbcdn.net/v/t39.30808-6/326123695_9345666822125951_6701889053248381117_n.jpg?stp=dst-jpg_p720x720&_nc_cat=104&ccb=1-7&_nc_sid=730e14&_nc_eui2=AeEGXtHQXATGSrMhL__HqJWs0uZdC7BQEhHS5l0LsFASEb8EYHGsFrSs-QNT7OsBMnlhfKKgAnRa_z1vaVOTY4No&_nc_ohc=SSI7UhZcS5kAX_lNQTP&_nc_zt=23&_nc_ht=z-p3-scontent.fcmn1-1.fna&edm=AKK4YLsEAAAA&oh=00_AfDcXmlytro9qFBEOktSO87vnQalI050XVa7NpeSy-Wf9Q&oe=64C8550B', 'width': 720}}, 'target': {'id': '110910361897825', 'url': 'https://www.facebook.com/photo.php?fbid=110910361897825&set=a.104595589195969&type=3'}, 'type': 'photo', 'url': 'https://www.facebook.com/photo.php?fbid=110910361897825&set=a.104595589195969&type=3'}]",9,[],0,1,0,124
100391969617030_105252222463639,,2023-01-10T12:27:14+0000,"[{'description': '★★★★★ · Patisserie', 'media': {'image': {'height': 256, 'src': 'https://z-p3-external.fcmn1-4.fna.fbcdn.net/emg1/v/t13/9681826903936658157?url=https%3A%2F%2Flh5.googleusercontent.com%2Fp%2FAF1QipMNQZV5wBhJUgwjFUXQIhTsliyqHWQt6ZRRe834%3Dw256-h256-k-no-p&fb_obo=1&utld=googleusercontent.com&stp=c0.5000x0.5000f_dst-emg0_p256x256_q75&_nc_eui2=AeFAENe4fLqx0bO14yaTfM1YGBz5DUn2HqoYHPkNSfYeqoyVOsC9La4IOig3OOau64bxJ70xDhApISkIuc4BTND1&ccb=13-1&oh=06_AbEZb3cEJ2mHy4zoWH6iiXxxdDWrEdbgQw9UmZRL86IfUA&oe=64C586C8&_nc_sid=e609ca', 'width': 256}}, 'target': {'url': 'https://l.facebook.com/l.php?u=https%3A%2F%2Fgoo.gl%2Fmaps%2FfdGT6N6HzJbQASHz6&h=AT0PwtZTdnMyjAOuEYtq8OvE5ckuFszjzzr3bPRa89QSsNmusSizGCacz8dcfwOUknhyLH_F5gROJUOmBEO-ytLGgzRfwpOhPhvdFwI9XOZBQ92FegCp9oi--eTd96zX&s=1'}, 'title': ""Janati's · Résidence As-shams 2, Magasin N° LC1, Imm. C SIS, 12040, Morocco"", 'type': 'share', 'url': 'https://l.facebook.com/l.php?u=https%3A%2F%2Fgoo.gl%2Fmaps%2FfdGT6N6HzJbQASHz6&h=AT0PwtZTdnMyjAOuEYtq8OvE5ckuFszjzzr3bPRa89QSsNmusSizGCacz8dcfwOUknhyLH_F5gROJUOmBEO-ytLGgzRfwpOhPhvdFwI9XOZBQ92FegCp9oi--eTd96zX&s=1'}]",4,[],0,0,0,124
100391969617030_104595592529302,"Chers amis,

Nous sommes heureux de vous annoncer que vous pouvez désormais commander votre #couscous préféré tous les vendredis à emporter ou livrer à domicile !

Notre #couscous est préparé avec les meilleurs ingrédients et cuits à la perfection pour un repas savoureux et authentique. 

A très bientôt,
Janati's
#couscousmarocain #Harhoura #Témara #rabat",2023-01-09T14:16:12+0000,"[{'description': ""Chers amis,\n\nNous sommes heureux de vous annoncer que vous pouvez désormais commander votre #couscous préféré tous les vendredis à emporter ou livrer à domicile !\n\nNotre #couscous est préparé avec les meilleurs ingrédients et cuits à la perfection pour un repas savoureux et authentique. \n\nA très bientôt,\nJanati's\n#couscousmarocain #Harhoura #Témara #rabat"", 'media': {'image': {'height': 727, 'src': 'https://z-p3-scontent.fcmn1-4.fna.fbcdn.net/v/t39.30808-6/324870193_3567369716831951_6358412216436526620_n.jpg?stp=dst-jpg_p720x720&_nc_cat=106&ccb=1-7&_nc_sid=730e14&_nc_eui2=AeEUtri1HkD8XhbmZaQE9whdaUkW1y6YLn5pSRbXLpgufnGzjaXUBLirvmVUqk3it_ZTEvGKzA_3rnBlPTKLBB6K&_nc_ohc=cFujiXgAISIAX_CzM5J&_nc_zt=23&_nc_ht=z-p3-scontent.fcmn1-4.fna&edm=AKK4YLsEAAAA&oh=00_AfD3MFORSuzCI0RdSiXKGRXF_ZPxT_beWu20kuuYDeY4Bw&oe=64C98545', 'width': 720}}, 'target': {'id': '104595145862680', 'url': 'https://www.facebook.com/photo.php?fbid=104595145862680&set=a.104595589195969&type=3'}, 'type': 'photo', 'url': 'https://www.facebook.com/photo.php?fbid=104595145862680&set=a.104595589195969&type=3'}]",26,[],2,11,0,124
100391969617030_6673153596033122,,2023-01-04T11:47:56+0000,"[{'media': {'image': {'height': 315, 'src': 'https://z-p3-scontent.fcmn1-3.fna.fbcdn.net/v/t39.30808-6/322106364_534341095383703_1312809151189959688_n.jpg?_nc_cat=101&ccb=1-7&_nc_sid=e3f864&_nc_eui2=AeGUuxO8JACeuVOjZ3WyBbCYPvO3T7z3aNw-87dPvPdo3PiW3IH_uiS0M_Am3HimXp6RzoTddwdxppm8s8tX9h6H&_nc_ohc=-diQ0AM3JUgAX-oTVvf&_nc_zt=23&_nc_ht=z-p3-scontent.fcmn1-3.fna&edm=AKK4YLsEAAAA&oh=00_AfDgX9m5o0swMsBz8kvkU7rAu-4svxBgOeXUKGP6cAFOtA&oe=64C8EDC8', 'width': 851}}, 'target': {'id': '6074818159231638', 'url': 'https://www.facebook.com/ma.janatis'}, 'title': ""Photo de couverture de Janati's"", 'type': 'cover_photo', 'url': 'https://www.facebook.com/ma.janatis'}]",8,[],1,0,0,124
100391969617030_101021609553367,"Découvrez les délices Janati's, pâtisseries artisanales, 🥮 gâteaux, viennoiseries 🥐 et plats salés 🍕 préparés avec soin, authenticité et amour ❤️❤️",2023-01-03T11:16:21+0000,"[{'media': {'image': {'height': 720, 'src': 'https://z-p3-scontent.fcmn1-3.fna.fbcdn.net/v/t39.30808-6/323863439_708237030916821_217374569271548882_n.jpg?stp=dst-jpg_p720x720&_nc_cat=101&ccb=1-7&_nc_sid=09cbfe&_nc_eui2=AeGUPHkxga6b9Hg203XNOSc6YKGLCCfDqtlgoYsIJ8Oq2QBmZwYYLmDOBr9d5vuSOBU3mOwVB11ANXy-KugnTPzm&_nc_ohc=8AI7bH5uVB8AX9XMKHY&_nc_zt=23&_nc_ht=z-p3-scontent.fcmn1-3.fna&edm=AKK4YLsEAAAA&oh=00_AfAZ1iuELhFAA9ke7WUf0C-ENMsDdaS3Ha4f6Ep8BVxqHw&oe=64C99761', 'width': 720}}, 'target': {'id': '6074818159231638', 'url': 'https://www.facebook.com/ma.janatis'}, 'title': ""Janati's"", 'type': 'profile_media', 'url': 'https://www.facebook.com/ma.janatis'}]",6,[],0,0,0,124
100391969617030_498473498846678,,2023-01-02T20:21:40+0000,"[{'description': ""Découvrez les délicieuses pâtisseries artisanales de Janati's. Gâteaux, viennoiseriex, salés..."", 'target': {'id': '6074818159231638', 'url': 'https://www.facebook.com/ma.janatis'}, 'type': 'native_templates', 'url': 'https://www.facebook.com/ma.janatis'}]",4,[],0,0,0,124
